School	City	County	Private_Public	College	Applied	Admitted	Enrolled	Admit_Rate_%	Rank_Within_Type	Overall_Rank	African_American_Applied	African_American_Admitted	African_American_Enrolled	African_American_Admit_Rate_%	American_Indian_Applied	American_Indian_Admitted	American_Indian_Enrolled	American_Indian_Admit_Rate_%	Hispanic_Latinx_Applied	Hispanic_Latinx_Admitted	Hispanic_Latinx_Enrolled	Hispanic_Latinx_Admit_Rate_%	Pacific_Islander_Applied	Pacific_Islander_Admitted	Pacific_Islander_Enrolled	Pacific_Islander_Admit_Rate_%	Asian_Applied	Asian_Admitted	Asian_Enrolled	Asian_Admit_Rate_%	White_Applied	White_Admitted	White_Enrolled	White_Admit_Rate_%	Domestic_Unknown_Applied	Domestic_Unknown_Admitted	Domestic_Unknown_Enrolled	Domestic_Unknown_Admit_Rate_%	International_Applied	International_Admitted	International_Enrolled	International_Admit_Rate_%
CAMBRIAN ACADEMY	San Jose	Santa Clara	Private	All UC	6	6	4	100.0	100	100	0	0	0	0.0	0	0	0	0.0	0	0	0	0.0	0	0	0	0.0	0	3	0	0.0	0	0	0	0.0	0	0	0	0.0	0	3	0	0.0
LODESTAR LIGHTHOUSE COMM CHARTER SC	Oakland	Alameda	Public	All UC	10	10	4	100.0	100	100	0	0	0	0.0	0	0	0	0.0	8	8	3	100.0	0	0	0	0.0	0	0	0	0.0	0	0	0	0.0	0	0	0	0.0	0	0	0	0.0
LPS OAKLAND R&D CAMPUS	Oakland	Alameda	Public	All UC	20	20	10	100.0	100	100	0	0	0	0.0	0	0	0	0.0	19	19	9	100.0	0	0	0	0.0	0	0	0	0.0	0	0	0	0.0	0	0	0	0.0	0	0	0	0.0
LUIS VALDEZ LEADERSHIP ACADEMY	San Jose	Santa Clara	Public	All UC	14	14	5	100.0	100	100	0	0	0	0.0	0	0	0	0.0	14	14	5	100.0	0	0	0	0.0	0	0	0	0.0	0	0	0	0.0	0	0	0	0.0	0	0	0	0.0
CRISTO REY SAN JOSE JESUIT HS	San Jose	Santa Clara	Private	All UC	72	70	8	97.22	1	1	0	0	0	0.0	0	0	0	0.0	69	67	8	97.1	0	0	0	0.0	0	0	0	0.0	0	0	0	0.0	0	0	0	0.0	0	0	0	0.0
COLISEUM COLLEGE PREP ACADEMY	Oakland	Alameda	Public	All UC	33	31	17	93.94	1	2	7	5	3	71.43	0	0	0	0.0	26	26	14	100.0	0	0	0	0.0	0	0	0	0.0	0	0	0	0.0	0	0	0	0.0	0	0	0	0.0
ACE CHARTER HIGH SCHOOL	San Jose	Santa Clara	Public	All UC	13	12	0	92.31	100	100	0	0	0	0.0	0	0	0	0.0	12	11	0	91.67	0	0	0	0.0	0	0	0	0.0	0	0	0	0.0	0	0	0	0.0	0	0	0	0.0
ENVISION ACAD ARTS/TECHNOLOGY	Oakland	Alameda	Public	All UC	12	11	8	91.67	100	100	0	0	0	0.0	0	0	0	0.0	10	10	8	100.0	0	0	0	0.0	0	0	0	0.0	0	0	0	0.0	0	0	0	0.0	0	0	0	0.0
ALSION MONTESSORI MIDDLE/HIGH	Fremont	Alameda	Private	All UC	11	10	5	90.91	100	100	0	0	0	0.0	0	0	0	0.0	0	0	0	0.0	0	0	0	0.0	8	8	5	100.0	0	0	0	0.0	0	0	0	0.0	0	0	0	0.0
QUARRY LANE SCHOOL	Dublin	Alameda	Private	All UC	76	69	28	90.79	2	3	0	0	0	0.0	0	0	0	0.0	0	3	0	0.0	0	0	0	0.0	47	44	22	93.62	5	4	0	80.0	11	9	3	81.82	10	9	0	90.0
CASTLEMONT HIGH SCHOOL	Oakland	Alameda	Public	All UC	19	17	6	89.47	100	100	6	5	0	83.33	0	0	0	0.0	13	12	4	92.31	0	0	0	0.0	0	0	0	0.0	0	0	0	0.0	0	0	0	0.0	0	0	0	0.0
OAKLAND UNITY HIGH SCHOOL	Oakland	Alameda	Public	All UC	28	25	10	89.29	100	100	0	0	0	0.0	0	0	0	0.0	27	24	9	88.89	0	0	0	0.0	0	0	0	0.0	0	0	0	0.0	0	0	0	0.0	0	0	0	0.0
DOWNTOWN COLLEGE PREP ALUM ROC	San Jose	Santa Clara	Public	All UC	18	16	7	88.89	100	100	0	0	0	0.0	0	0	0	0.0	13	12	4	92.31	0	0	0	0.0	0	0	0	0.0	0	0	0	0.0	0	0	0	0.0	0	0	0	0.0
METWEST HIGH SCHOOL	Oakland	Alameda	Public	All UC	27	24	13	88.89	100	100	0	3	0	0.0	0	0	0	0.0	19	17	10	89.47	0	0	0	0.0	0	0	0	0.0	0	0	0	0.0	0	0	0	0.0	0	0	0	0.0
AIMS COLLEGE PREP HIGH SCHOOL	Oakland	Alameda	Public	All UC	65	57	29	87.69	2	4	21	19	7	90.48	0	0	0	0.0	9	5	0	55.56	0	0	0	0.0	33	31	20	93.94	0	0	0	0.0	0	0	0	0.0	0	0	0	0.0
BASIS INDEPENDENT SILICON VALL	San Jose	Santa Clara	Private	All UC	89	78	31	87.64	3	5	0	0	0	0.0	0	0	0	0.0	0	0	0	0.0	0	0	0	0.0	74	65	27	87.84	6	6	3	100.0	9	7	0	77.78	0	0	0	0.0
MISSION SAN JOSE HIGH SCHOOL	Fremont	Alameda	Public	All UC	419	362	150	86.4	3	6	0	0	0	0.0	0	0	0	0.0	5	4	0	80.0	0	0	0	0.0	332	287	114	86.45	6	4	0	66.67	57	52	24	91.23	14	12	8	85.71
MOUNT PLEASANT HIGH SCHOOL	San Jose	Santa Clara	Public	All UC	29	25	11	86.21	100	100	0	0	0	0.0	0	0	0	0.0	17	14	5	82.35	0	0	0	0.0	12	11	6	91.67	0	0	0	0.0	0	0	0	0.0	0	0	0	0.0
TILDEN PREPARATORY SCHOOL	Albany	Alameda	Private	All UC	7	6	0	85.71	100	100	0	0	0	0.0	0	0	0	0.0	0	0	0	0.0	0	0	0	0.0	0	0	0	0.0	0	0	0	0.0	0	0	0	0.0	0	0	0	0.0
CUPERTINO HIGH SCHOOL	Cupertino	Santa Clara	Public	All UC	349	299	149	85.67	4	7	0	0	0	0.0	0	0	0	0.0	12	8	5	66.67	0	0	0	0.0	253	224	116	88.54	24	16	4	66.67	31	28	9	90.32	25	21	14	84.0
KIPP KING COLLEGIATE HIGH SCH	San Lorenzo	Alameda	Public	All UC	97	83	40	85.57	5	8	11	6	3	54.55	0	0	0	0.0	40	32	10	80.0	0	0	0	0.0	42	41	27	97.62	0	3	0	0.0	0	0	0	0.0	0	0	0	0.0
FREMONT HIGH SCHOOL	Oakland	Alameda	Public	All UC	60	51	13	85.0	6	9	11	8	0	72.73	0	0	0	0.0	40	35	8	87.5	0	0	0	0.0	6	5	0	83.33	0	0	0	0.0	0	0	0	0.0	0	0	0	0.0
LIFE ACADEMY HIGH SCHOOL	Oakland	Alameda	Public	All UC	20	17	6	85.0	100	100	0	0	0	0.0	0	0	0	0.0	18	15	5	83.33	0	0	0	0.0	0	0	0	0.0	0	0	0	0.0	0	0	0	0.0	0	0	0	0.0
OAKLAND INTERNATIONAL HIGH SCH	Oakland	Alameda	Public	All UC	20	17	5	85.0	100	100	0	0	0	0.0	0	0	0	0.0	14	12	3	85.71	0	0	0	0.0	0	0	0	0.0	0	0	0	0.0	0	0	0	0.0	0	0	0	0.0
IRVINGTON HIGH SCHOOL	Fremont	Alameda	Public	All UC	391	331	168	84.65	7	10	0	0	0	0.0	0	0	0	0.0	14	6	0	42.86	0	0	0	0.0	314	267	133	85.03	10	8	0	80.0	31	29	14	93.55	21	20	17	95.24
BAY AREA TECHNOLOGY-BAYTECH	Oakland	Alameda	Public	All UC	13	11	4	84.62	100	100	0	3	0	0.0	0	0	0	0.0	10	8	3	80.0	0	0	0	0.0	0	0	0	0.0	0	0	0	0.0	0	0	0	0.0	0	0	0	0.0
MONTA VISTA HIGH SCHOOL	Cupertino	Santa Clara	Public	All UC	343	290	124	84.55	8	11	0	3	0	0.0	0	0	0	0.0	0	0	0	0.0	0	0	0	0.0	247	207	86	83.81	27	20	11	74.07	42	38	15	90.48	21	20	12	95.24
HOLY NAMES HIGH SCHOOL	Oakland	Alameda	Private	All UC	19	16	8	84.21	100	100	0	3	0	0.0	0	0	0	0.0	11	9	5	81.82	0	0	0	0.0	0	0	0	0.0	0	0	0	0.0	0	0	0	0.0	0	0	0	0.0
MISSION EARLY COLLEGE HIGH SCH	Santa Clara	Santa Clara	Public	All UC	25	21	8	84.0	100	100	5	4	0	80.0	0	0	0	0.0	0	0	0	0.0	0	0	0	0.0	11	10	6	90.91	6	5	0	83.33	0	0	0	0.0	0	0	0	0.0
KIPP SAN JOSE COLLEGIATE	San Jose	Santa Clara	Public	All UC	93	78	29	83.87	9	12	0	0	0	0.0	0	0	0	0.0	43	34	4	79.07	0	0	0	0.0	47	41	25	87.23	0	0	0	0.0	0	0	0	0.0	0	0	0	0.0
LIGHTHOUSE COMMUNITY CHAR HS	Oakland	Alameda	Public	All UC	31	26	5	83.87	9	12	0	0	0	0.0	0	0	0	0.0	28	24	4	85.71	0	0	0	0.0	0	0	0	0.0	0	0	0	0.0	0	0	0	0.0	0	0	0	0.0
LYNBROOK HIGH SCHOOL	San Jose	Santa Clara	Public	All UC	371	311	122	83.83	11	14	0	0	0	0.0	0	0	0	0.0	0	3	0	0.0	0	0	0	0.0	280	238	94	85.0	15	10	4	66.67	57	47	17	82.46	13	12	6	92.31
FUSION ACADEMY PLEASANTON	Pleasanton	Alameda	Private	All UC	6	5	5	83.33	100	100	0	0	0	0.0	0	0	0	0.0	0	0	0	0.0	0	0	0	0.0	0	0	0	0.0	0	0	0	0.0	0	0	0	0.0	0	0	0	0.0
CIRCLE OF INDEPENDENT LEARNING	Fremont	Alameda	Public	All UC	6	5	0	83.33	100	100	0	0	0	0.0	0	0	0	0.0	0	0	0	0.0	0	0	0	0.0	0	0	0	0.0	0	3	0	0.0	0	0	0	0.0	0	0	0	0.0
EAST BAY INNOVATION ACADEMY	Oakland	Alameda	Public	All UC	18	15	9	83.33	100	100	7	6	3	85.71	0	0	0	0.0	0	4	3	0.0	0	0	0	0.0	0	0	0	0.0	5	4	0	80.0	0	0	0	0.0	0	0	0	0.0
SOJOURNER TRUTH ACADEMY	Oakland	Alameda	Public	All UC	6	5	0	83.33	100	100	0	3	0	0.0	0	0	0	0.0	0	0	0	0.0	0	0	0	0.0	0	0	0	0.0	0	0	0	0.0	0	0	0	0.0	0	0	0	0.0
WASHINGTON HIGH SCHOOL	Fremont	Alameda	Public	All UC	190	158	75	83.16	12	15	0	0	0	0.0	0	0	0	0.0	8	4	0	50.0	0	0	0	0.0	139	121	58	87.05	19	12	3	63.16	8	7	3	87.5	11	11	10	100.0
UNIVERSITY PREP ACADEMY	San Jose	Santa Clara	Public	All UC	75	62	36	82.67	13	16	18	17	8	94.44	0	0	0	0.0	8	4	3	50.0	0	0	0	0.0	37	32	17	86.49	8	6	6	75.0	0	0	0	0.0	0	0	0	0.0
CALIFORNIA CROSSPOINT HIGH SCHOOL	Hayward	Alameda	Private	All UC	51	42	23	82.35	4	17	0	0	0	0.0	0	0	0	0.0	0	0	0	0.0	0	0	0	0.0	26	23	15	88.46	0	0	0	0.0	0	0	0	0.0	19	15	6	78.95
OAKLAND CHARTER HIGH SCHOOL	Oakland	Alameda	Public	All UC	51	42	22	82.35	14	17	0	3	0	0.0	0	0	0	0.0	24	18	6	75.0	0	0	0	0.0	22	20	13	90.91	0	0	0	0.0	0	0	0	0.0	0	0	0	0.0
AMADOR VALLEY HIGH SCHOOL	Pleasanton	Alameda	Public	All UC	393	323	141	82.19	15	19	0	0	0	0.0	0	3	0	0.0	16	11	5	68.75	0	0	0	0.0	247	215	95	87.04	64	37	12	57.81	45	43	20	95.56	12	12	7	100.0
KIPP NAVIGATE COLLEGE PREP	San Jose	Santa Clara	Public	All UC	33	27	5	81.82	16	20	0	0	0	0.0	0	0	0	0.0	19	16	0	84.21	0	0	0	0.0	14	11	3	78.57	0	0	0	0.0	0	0	0	0.0	0	0	0	0.0
MADISON PARK ACADEMY	Oakland	Alameda	Public	All UC	22	18	4	81.82	100	100	0	0	0	0.0	0	0	0	0.0	20	17	4	85.0	0	0	0	0.0	0	0	0	0.0	0	0	0	0.0	0	0	0	0.0	0	0	0	0.0
ROBERTO CRUZ LEADERSHIP ACDMY	San Jose	Santa Clara	Public	All UC	11	9	3	81.82	100	100	0	0	0	0.0	0	0	0	0.0	11	9	3	81.82	0	0	0	0.0	0	0	0	0.0	0	0	0	0.0	0	0	0	0.0	0	0	0	0.0
DR TJ OWENS GILROY EARLY COLG	Gilroy	Santa Clara	Public	All UC	49	40	24	81.63	17	21	0	0	0	0.0	0	0	0	0.0	23	19	10	82.61	0	0	0	0.0	17	15	11	88.24	7	5	3	71.43	0	0	0	0.0	0	0	0	0.0
ALAMEDA SCIENCE & TECHLGY INST	Alameda	Alameda	Public	All UC	27	22	17	81.48	100	100	0	0	0	0.0	0	0	0	0.0	0	3	3	0.0	0	0	0	0.0	17	15	11	88.24	5	3	3	60.0	0	0	0	0.0	0	0	0	0.0
DUBLIN HIGH SCHOOL	Dublin	Alameda	Public	All UC	571	464	242	81.26	18	22	13	8	3	61.54	0	0	0	0.0	15	8	5	53.33	0	0	0	0.0	446	371	194	83.18	42	25	12	59.52	31	30	14	96.77	21	20	13	95.24
SAINT JOSEPH-NOTRE DAME HS	Alameda	Alameda	Private	All UC	69	56	28	81.16	5	23	10	8	4	80.0	0	0	0	0.0	22	18	5	81.82	0	0	0	0.0	21	17	15	80.95	12	9	3	75.0	0	0	0	0.0	0	0	0	0.0
JOHN F KENNEDY HIGH SCHOOL	Fremont	Alameda	Public	All UC	99	80	46	80.81	19	24	5	3	0	60.0	0	0	0	0.0	15	9	0	60.0	0	0	0	0.0	64	56	39	87.5	9	7	0	77.78	0	3	0	0.0	0	0	0	0.0
AMERICAN HIGH SCHOOL	Fremont	Alameda	Public	All UC	369	298	144	80.76	20	25	7	4	0	57.14	0	0	0	0.0	10	5	3	50.0	0	0	0	0.0	290	238	118	82.07	10	6	0	60.0	26	22	8	84.62	25	22	12	88.0
FOOTHILL HIGH SCHOOL	Pleasanton	Alameda	Public	All UC	320	258	106	80.62	21	26	6	3	0	50.0	0	0	0	0.0	22	18	9	81.82	0	0	0	0.0	203	170	75	83.74	52	34	9	65.38	22	19	9	86.36	15	14	4	93.33
SKYLINE HIGH SCHOOL	Oakland	Alameda	Public	All UC	149	120	63	80.54	22	27	32	20	10	62.5	0	0	0	0.0	39	34	16	87.18	0	0	0	0.0	40	35	22	87.5	34	28	14	82.35	0	0	0	0.0	0	0	0	0.0
SUMMIT PUBLIC SCHOOL-TAHOMA	San Jose	Santa Clara	Public	All UC	61	49	22	80.33	23	28	0	0	0	0.0	0	0	0	0.0	15	9	3	60.0	0	0	0	0.0	31	29	13	93.55	11	8	4	72.73	0	0	0	0.0	0	0	0	0.0
VALLEY CHRISTIAN HIGH SCHOOL	Dublin	Alameda	Private	All UC	15	12	6	80.0	100	100	0	0	0	0.0	0	0	0	0.0	0	0	0	0.0	0	0	0	0.0	9	6	4	66.67	0	0	0	0.0	0	0	0	0.0	0	3	0	0.0
MILLENNIUM HIGH SCHOOL	Piedmont	Alameda	Public	All UC	5	4	0	80.0	100	100	0	0	0	0.0	0	0	0	0.0	0	0	0	0.0	0	0	0	0.0	0	0	0	0.0	0	3	0	0.0	0	0	0	0.0	0	0	0	0.0
VISTA ALTERNATIVE	Fremont	Alameda	Public	All UC	5	4	0	80.0	100	100	0	0	0	0.0	0	0	0	0.0	0	0	0	0.0	0	0	0	0.0	5	4	0	80.0	0	0	0	0.0	0	0	0	0.0	0	0	0	0.0
LOS ALTOS HIGH SCHOOL	Los Altos	Santa Clara	Public	All UC	324	259	89	79.94	24	29	6	3	0	50.0	0	3	0	0.0	58	49	18	84.48	0	0	0	0.0	147	122	39	82.99	86	59	23	68.6	17	0	0	0.0	7	7	4	100.0
BASIS INDEPENDENT FREMONT UPPER SCH	Fremont	Alameda	Private	All UC	39	31	16	79.49	6	30	0	0	0	0.0	0	0	0	0.0	0	0	0	0.0	0	0	0	0.0	33	26	14	78.79	0	0	0	0.0	0	0	0	0.0	0	0	0	0.0
BERKELEY HIGH SCHOOL	Berkeley	Alameda	Public	All UC	517	410	218	79.3	25	31	68	42	10	61.76	5	3	0	60.0	90	65	35	72.22	0	0	0	0.0	100	86	46	86.0	242	205	122	84.71	11	9	4	81.82	0	0	0	0.0
SARATOGA HIGH SCHOOL	Saratoga	Santa Clara	Public	All UC	228	180	59	78.95	26	32	0	0	0	0.0	0	0	0	0.0	11	5	0	45.45	0	0	0	0.0	165	134	41	81.21	23	15	3	65.22	22	20	12	90.91	0	3	0	0.0
CRISTO REY DE LA SALLE E BAY	Oakland	Alameda	Private	All UC	52	41	13	78.85	7	33	8	5	0	62.5	0	0	0	0.0	43	35	12	81.4	0	0	0	0.0	0	0	0	0.0	0	0	0	0.0	0	0	0	0.0	0	0	0	0.0
ANDREW P HILL HIGH SCHOOL	San Jose	Santa Clara	Public	All UC	52	41	14	78.85	27	33	0	3	0	0.0	0	0	0	0.0	8	6	0	75.0	0	0	0	0.0	40	31	13	77.5	0	0	0	0.0	0	0	0	0.0	0	0	0	0.0
KEHILLAH JEWISH HIGH SCHOOL	Palo Alto	Santa Clara	Private	All UC	33	26	8	78.79	8	35	0	0	0	0.0	0	0	0	0.0	0	0	0	0.0	0	0	0	0.0	0	3	0	0.0	26	19	6	73.08	0	0	0	0.0	0	0	0	0.0
TENNYSON HIGH SCHOOL	Hayward	Alameda	Public	All UC	28	22	7	78.57	100	100	0	0	0	0.0	0	0	0	0.0	14	13	0	92.86	0	0	0	0.0	10	8	5	80.0	0	0	0	0.0	0	0	0	0.0	0	0	0	0.0
SAN JOSE HIGH SCHOOL	San Jose	Santa Clara	Public	All UC	37	29	8	78.38	28	36	0	0	0	0.0	0	0	0	0.0	24	16	3	66.67	0	0	0	0.0	9	9	3	100.0	0	4	0	0.0	0	0	0	0.0	0	0	0	0.0
ASPIRE LIONEL WILSON COLG PREP	Oakland	Alameda	Public	All UC	18	14	6	77.78	100	100	0	0	0	0.0	0	0	0	0.0	18	14	6	77.78	0	0	0	0.0	0	0	0	0.0	0	0	0	0.0	0	0	0	0.0	0	0	0	0.0
NEA COMMUNITY LEARNING CENTER	Alameda	Alameda	Public	All UC	9	7	3	77.78	100	100	0	0	0	0.0	0	0	0	0.0	0	0	0	0.0	0	0	0	0.0	0	4	0	0.0	0	0	0	0.0	0	0	0	0.0	0	0	0	0.0
ADRIAN C WILCOX HIGH SCHOOL	Santa Clara	Santa Clara	Public	All UC	176	136	59	77.27	29	37	0	0	0	0.0	0	0	0	0.0	26	17	9	65.38	0	0	0	0.0	118	96	40	81.36	16	11	3	68.75	8	7	3	87.5	0	4	4	0.0
YERBA BUENA HIGH SCHOOL	San Jose	Santa Clara	Public	All UC	79	61	34	77.22	30	38	0	0	0	0.0	0	0	0	0.0	11	7	0	63.64	0	0	0	0.0	67	54	32	80.6	0	0	0	0.0	0	0	0	0.0	0	0	0	0.0
LATITUDE 37.8 HS MERRITT COLLEGE	Oakland	Alameda	Public	All UC	13	10	6	76.92	100	100	0	0	0	0.0	0	0	0	0.0	8	7	5	87.5	0	0	0	0.0	0	0	0	0.0	0	0	0	0.0	0	0	0	0.0	0	0	0	0.0
OAKLAND TECHNICAL HIGH SCHOOL	Oakland	Alameda	Public	All UC	228	175	89	76.75	31	39	56	34	11	60.71	0	0	0	0.0	26	22	12	84.62	0	0	0	0.0	73	62	38	84.93	69	54	27	78.26	0	0	0	0.0	0	0	0	0.0
ANN SOBRATO HIGH SCHOOL	Morgan Hill	Santa Clara	Public	All UC	120	92	45	76.67	32	40	0	0	0	0.0	0	0	0	0.0	30	21	9	70.0	0	0	0	0.0	47	38	24	80.85	33	25	10	75.76	5	5	0	100.0	0	0	0	0.0
KHAN LAB SCHOOL	Mountain View	Santa Clara	Private	All UC	17	13	4	76.47	100	100	0	0	0	0.0	0	0	0	0.0	0	0	0	0.0	0	0	0	0.0	10	7	0	70.0	0	4	0	0.0	0	0	0	0.0	0	0	0	0.0
BISHOP ODOWD HIGH SCHOOL	Oakland	Alameda	Private	All UC	244	186	80	76.23	9	41	62	38	9	61.29	0	0	0	0.0	45	30	13	66.67	0	0	0	0.0	47	40	24	85.11	84	73	31	86.9	0	0	0	0.0	0	0	0	0.0
MILPITAS HIGH SCHOOL	Milpitas	Santa Clara	Public	All UC	353	269	146	76.2	33	42	6	5	4	83.33	0	0	0	0.0	21	10	5	47.62	0	0	0	0.0	290	224	119	77.24	13	8	8	61.54	9	9	4	100.0	13	13	6	100.0
LIVERMORE HIGH SCHOOL	Livermore	Alameda	Public	All UC	92	70	33	76.09	34	43	7	0	0	0.0	0	0	0	0.0	11	9	4	81.82	0	0	0	0.0	38	33	19	86.84	30	21	5	70.0	0	0	0	0.0	0	3	3	0.0
ALBANY HIGH SCHOOL	Albany	Alameda	Public	All UC	171	130	73	76.02	35	44	6	4	3	66.67	0	0	0	0.0	22	12	5	54.55	0	0	0	0.0	83	68	40	81.93	54	41	23	75.93	6	5	0	83.33	0	0	0	0.0
DEL MAR HIGH SCHOOL	San Jose	Santa Clara	Public	All UC	79	60	28	75.95	36	45	14	8	5	57.14	0	0	0	0.0	29	25	6	86.21	0	0	0	0.0	23	18	12	78.26	9	6	3	66.67	0	0	0	0.0	0	0	0	0.0
EVERGREEN VALLEY HIGH SCHOOL	San Jose	Santa Clara	Public	All UC	438	332	169	75.8	37	46	0	0	0	0.0	0	0	0	0.0	18	4	0	22.22	0	0	0	0.0	375	291	147	77.6	6	3	0	50.0	24	21	11	87.5	10	10	7	100.0
ENCINAL HIGH SCHOOL	Alameda	Alameda	Public	All UC	94	71	38	75.53	38	47	11	4	0	36.36	0	0	0	0.0	16	13	5	81.25	0	0	0	0.0	49	40	27	81.63	16	12	5	75.0	0	0	0	0.0	0	0	0	0.0
HOMESTEAD HIGH SCHOOL	Cupertino	Santa Clara	Public	All UC	362	273	98	75.41	39	48	0	0	0	0.0	0	0	0	0.0	35	16	5	45.71	0	0	0	0.0	213	177	66	83.1	67	40	10	59.7	33	28	15	84.85	11	10	0	90.91
ARROYO HIGH SCHOOL	San Lorenzo	Alameda	Public	All UC	135	101	57	74.81	40	49	0	0	0	0.0	0	0	0	0.0	38	23	8	60.53	0	0	0	0.0	90	73	47	81.11	0	0	0	0.0	0	0	0	0.0	0	0	0	0.0
MOUNTAIN VIEW HIGH SCHOOL	Mountain View	Santa Clara	Public	All UC	334	248	109	74.25	41	50	7	6	0	85.71	0	3	0	0.0	41	29	9	70.73	0	0	0	0.0	152	119	56	78.29	109	73	32	66.97	17	0	0	0.0	0	3	0	0.0
HAYWARD HIGH SCHOOL	Hayward	Alameda	Public	All UC	89	66	36	74.16	42	51	8	5	0	62.5	0	0	0	0.0	49	38	21	77.55	0	0	0	0.0	23	18	10	78.26	8	4	3	50.0	0	0	0	0.0	0	0	0	0.0
OAKLAND SCHOOL FOR THE ARTS	Oakland	Alameda	Public	All UC	42	31	18	73.81	43	52	9	5	3	55.56	0	0	0	0.0	8	6	0	75.0	0	0	0	0.0	10	10	8	100.0	14	10	5	71.43	0	0	0	0.0	0	0	0	0.0
LEIGH HIGH SCHOOL	San Jose	Santa Clara	Public	All UC	198	146	65	73.74	44	53	9	4	0	44.44	0	0	0	0.0	13	6	0	46.15	0	0	0	0.0	103	88	41	85.44	63	39	16	61.9	6	5	4	83.33	0	0	0	0.0
OAKWOOD SCHOOL	Morgan Hill	Santa Clara	Private	All UC	19	14	4	73.68	100	100	0	0	0	0.0	0	0	0	0.0	0	0	0	0.0	0	0	0	0.0	9	7	0	77.78	5	4	0	80.0	0	0	0	0.0	0	0	0	0.0
LATINO COLLEGE PREP ACADEMY	San Jose	Santa Clara	Public	All UC	38	28	5	73.68	45	54	0	0	0	0.0	0	0	0	0.0	37	27	5	72.97	0	0	0	0.0	0	0	0	0.0	0	0	0	0.0	0	0	0	0.0	0	0	0	0.0
LEADERSHIP PUBLIC SCH HAYWARD	Hayward	Alameda	Public	All UC	64	47	17	73.44	46	55	5	4	0	80.0	0	0	0	0.0	32	25	6	78.12	0	0	0	0.0	22	15	8	68.18	0	0	0	0.0	0	0	0	0.0	0	0	0	0.0
LELAND HIGH SCHOOL	San Jose	Santa Clara	Public	All UC	247	181	78	73.28	47	56	0	0	0	0.0	5	4	0	80.0	15	6	3	40.0	0	0	0	0.0	154	123	53	79.87	50	29	12	58.0	19	16	7	84.21	0	0	0	0.0
SANTA CLARA HIGH SCHOOL	Santa Clara	Santa Clara	Public	All UC	153	112	50	73.2	48	57	14	10	0	71.43	0	0	0	0.0	23	14	6	60.87	0	0	0	0.0	85	66	33	77.65	22	15	6	68.18	5	3	0	60.0	0	4	3	0.0
THE KINGS ACADEMY	Sunnyvale	Santa Clara	Private	All UC	108	79	28	73.15	10	58	0	3	0	0.0	0	0	0	0.0	0	0	0	0.0	0	0	0	0.0	78	56	23	71.79	7	5	0	71.43	15	12	3	80.0	0	0	0	0.0
PINEWOOD SCHOOL	Los Altos Hills	Santa Clara	Private	All UC	26	19	3	73.08	100	100	0	0	0	0.0	0	0	0	0.0	0	0	0	0.0	0	0	0	0.0	18	14	3	77.78	0	0	0	0.0	0	3	0	0.0	0	0	0	0.0
NEWARK MEMORIAL HIGH SCHOOL	Newark	Alameda	Public	All UC	104	76	42	73.08	49	59	10	7	6	70.0	0	0	0	0.0	31	23	10	74.19	0	0	0	0.0	52	39	23	75.0	10	6	3	60.0	0	0	0	0.0	0	0	0	0.0
ALAMEDA HIGH SCHOOL	Alameda	Alameda	Public	All UC	246	178	90	72.36	50	60	13	7	0	53.85	0	0	0	0.0	34	24	11	70.59	0	0	0	0.0	107	79	47	73.83	84	62	27	73.81	6	5	3	83.33	0	0	0	0.0
IMPACT ACAD ARTS/TECHNOLOGY	Hayward	Alameda	Public	All UC	50	36	15	72.0	51	61	0	0	0	0.0	0	0	0	0.0	32	20	7	62.5	0	0	0	0.0	12	11	4	91.67	0	3	3	0.0	0	0	0	0.0	0	0	0	0.0
MCCLYMONDS HIGH SCHOOL	Oakland	Alameda	Public	All UC	25	18	5	72.0	100	100	22	16	3	72.73	0	0	0	0.0	0	0	0	0.0	0	0	0	0.0	0	0	0	0.0	0	0	0	0.0	0	0	0	0.0	0	0	0	0.0
HENRY M GUNN SENIOR HIGH SCHL	Palo Alto	Santa Clara	Public	All UC	362	260	96	71.82	52	62	9	6	4	66.67	0	0	0	0.0	33	27	10	81.82	0	0	0	0.0	198	149	54	75.25	75	42	11	56.0	36	29	15	80.56	7	5	0	71.43
APOSTLES LUTHERAN SCHOOL	San Jose	Santa Clara	Private	All UC	7	5	0	71.43	100	100	0	0	0	0.0	0	0	0	0.0	0	0	0	0.0	0	0	0	0.0	0	0	0	0.0	0	0	0	0.0	0	0	0	0.0	0	3	0	0.0
FUSION ACADEMY CUPERTINO	Cupertino	Santa Clara	Private	All UC	7	5	3	71.43	100	100	0	0	0	0.0	0	0	0	0.0	0	0	0	0.0	0	0	0	0.0	5	4	0	80.0	0	0	0	0.0	0	0	0	0.0	0	0	0	0.0
MAYBECK HIGH SCHOOL	Berkeley	Alameda	Private	All UC	14	10	3	71.43	100	100	0	0	0	0.0	0	0	0	0.0	0	0	0	0.0	0	0	0	0.0	0	0	0	0.0	7	4	0	57.14	0	0	0	0.0	0	0	0	0.0
SANTA TERESA HIGH SCHOOL	San Jose	Santa Clara	Public	All UC	165	117	58	70.91	53	63	8	6	4	75.0	0	0	0	0.0	26	17	8	65.38	0	0	0	0.0	99	74	38	74.75	25	16	6	64.0	5	3	0	60.0	0	0	0	0.0
OAKLAND HIGH SCHOOL	Oakland	Alameda	Public	All UC	109	77	42	70.64	54	64	28	21	10	75.0	0	0	0	0.0	29	19	10	65.52	0	0	0	0.0	48	33	20	68.75	0	0	0	0.0	0	0	0	0.0	0	0	0	0.0
HARKER SCHOOL	San Jose	Santa Clara	Private	All UC	187	132	29	70.59	11	65	0	0	0	0.0	0	0	0	0.0	7	0	0	0.0	0	0	0	0.0	120	81	17	67.5	23	18	7	78.26	33	27	3	81.82	0	0	0	0.0
INDEPENDENCE HIGH SCHOOL	San Jose	Santa Clara	Public	All UC	146	103	64	70.55	55	66	0	0	0	0.0	0	0	0	0.0	17	11	7	64.71	0	0	0	0.0	118	86	52	72.88	0	0	0	0.0	0	3	0	0.0	0	0	0	0.0
MOUNT EDEN HIGH SCHOOL	Hayward	Alameda	Public	All UC	95	67	33	70.53	56	67	8	4	3	50.0	0	0	0	0.0	35	28	13	80.0	0	0	0	0.0	47	31	16	65.96	0	0	0	0.0	0	0	0	0.0	0	0	0	0.0
SAN LEANDRO HIGH SCHOOL	San Leandro	Alameda	Public	All UC	173	122	66	70.52	57	68	24	14	4	58.33	0	0	0	0.0	60	40	16	66.67	0	0	0	0.0	75	58	42	77.33	13	9	3	69.23	0	0	0	0.0	0	0	0	0.0
W C OVERFELT HIGH SCHOOL	San Jose	Santa Clara	Public	All UC	61	43	9	70.49	58	69	0	0	0	0.0	0	0	0	0.0	44	32	5	72.73	0	0	0	0.0	15	10	4	66.67	0	0	0	0.0	0	0	0	0.0	0	0	0	0.0
SAN LORENZO HIGH SCHOOL	San Lorenzo	Alameda	Public	All UC	44	31	16	70.45	59	70	6	5	3	83.33	0	0	0	0.0	25	17	6	68.0	0	0	0	0.0	7	5	4	71.43	0	0	0	0.0	0	0	0	0.0	0	0	0	0.0
OAKLAND MILITARY INST COL PREP	Oakland	Alameda	Public	All UC	27	19	15	70.37	100	100	0	0	0	0.0	0	0	0	0.0	16	13	9	81.25	0	0	0	0.0	7	6	6	85.71	0	0	0	0.0	0	0	0	0.0	0	0	0	0.0
MOREAU CATHOLIC HIGH SCHOOL	Hayward	Alameda	Private	All UC	138	97	41	70.29	12	71	16	8	3	50.0	0	0	0	0.0	25	12	3	48.0	0	0	0	0.0	78	65	31	83.33	11	6	0	54.55	5	3	0	60.0	0	3	0	0.0
PALO ALTO SENIOR HIGH SCHOOL	Palo Alto	Santa Clara	Public	All UC	340	239	80	70.29	60	71	0	0	0	0.0	0	0	0	0.0	35	24	6	68.57	0	0	0	0.0	161	119	48	73.91	102	63	19	61.76	32	26	6	81.25	6	6	0	100.0
HENRY T GUNDERSON HIGH SCHOOL	San Jose	Santa Clara	Public	All UC	47	33	14	70.21	61	73	0	3	0	0.0	0	0	0	0.0	8	4	0	50.0	0	0	0	0.0	28	21	12	75.0	6	5	0	83.33	0	0	0	0.0	0	0	0	0.0
ABRAHAM LINCOLN HIGH SCHOOL	San Jose	Santa Clara	Public	All UC	104	73	37	70.19	62	74	6	0	0	0.0	0	0	0	0.0	61	43	15	70.49	0	0	0	0.0	17	15	13	88.24	19	13	7	68.42	0	0	0	0.0	0	0	0	0.0
BRANHAM HIGH SCHOOL	San Jose	Santa Clara	Public	All UC	222	154	68	69.37	63	75	0	3	0	0.0	0	0	0	0.0	28	19	6	67.86	0	0	0	0.0	97	74	36	76.29	82	48	22	58.54	9	8	0	88.89	0	0	0	0.0
ARCHBISHOP MITTY HIGH SCHOOL	San Jose	Santa Clara	Private	All UC	295	204	78	69.15	13	76	11	5	3	45.45	0	0	0	0.0	60	40	8	66.67	0	0	0	0.0	138	107	47	77.54	56	27	11	48.21	27	22	8	81.48	0	0	0	0.0
CHRISTOPHER HIGH SCHOOL	Gilroy	Santa Clara	Public	All UC	97	67	32	69.07	64	77	14	10	5	71.43	0	0	0	0.0	43	27	13	62.79	0	0	0	0.0	21	17	9	80.95	14	9	4	64.29	0	0	0	0.0	0	0	0	0.0
BELLARMINE COLLEGE PREPARATORY	San Jose	Santa Clara	Private	All UC	234	161	53	68.8	14	78	8	7	0	87.5	0	0	0	0.0	53	34	9	64.15	0	0	0	0.0	105	84	30	80.0	51	25	10	49.02	16	11	0	68.75	0	0	0	0.0
JAMES LOGAN HIGH SCHOOL	Union City	Alameda	Public	All UC	237	163	86	68.78	65	79	12	8	6	66.67	0	0	0	0.0	38	21	10	55.26	0	0	0	0.0	164	119	58	72.56	12	6	5	50.0	8	7	5	87.5	0	0	0	0.0
PROSPECT HIGH SCHOOL	Saratoga	Santa Clara	Public	All UC	130	89	45	68.46	66	80	7	5	0	71.43	0	0	0	0.0	16	6	3	37.5	0	0	0	0.0	77	57	34	74.03	26	18	6	69.23	0	3	0	0.0	0	0	0	0.0
DOWNTOWN COLG PREP EL PRIMERO	San Jose	Santa Clara	Public	All UC	38	26	5	68.42	67	81	0	0	0	0.0	0	0	0	0.0	36	24	4	66.67	0	0	0	0.0	0	0	0	0.0	0	0	0	0.0	0	0	0	0.0	0	0	0	0.0
NOTRE DAME HIGH SCHOOL	San Jose	Santa Clara	Private	All UC	123	84	30	68.29	15	82	0	3	0	0.0	0	0	0	0.0	32	18	3	56.25	0	0	0	0.0	57	45	19	78.95	26	14	4	53.85	0	3	0	0.0	0	0	0	0.0
SAINT MARY'S COLLEGE HIGH SCHO	Berkeley	Alameda	Private	All UC	123	84	38	68.29	15	82	22	15	6	68.18	0	0	0	0.0	26	12	3	46.15	0	0	0	0.0	33	25	14	75.76	40	31	14	77.5	0	0	0	0.0	0	0	0	0.0
COLLEGE PREPARATORY SCHOOL	Oakland	Alameda	Private	All UC	75	51	9	68.0	17	84	8	3	0	37.5	0	0	0	0.0	0	0	0	0.0	0	0	0	0.0	38	29	4	76.32	20	14	3	70.0	5	3	0	60.0	0	0	0	0.0
PIONEER HIGH SCHOOL	San Jose	Santa Clara	Public	All UC	125	85	48	68.0	68	84	0	0	0	0.0	0	0	0	0.0	27	21	9	77.78	0	0	0	0.0	40	27	18	67.5	52	32	19	61.54	0	0	0	0.0	0	0	0	0.0
FREMONT CHRISTIAN HIGH SCHOOL	Fremont	Alameda	Private	All UC	31	21	12	67.74	18	86	0	0	0	0.0	0	0	0	0.0	0	0	0	0.0	0	0	0	0.0	17	13	7	76.47	0	0	0	0.0	0	4	3	0.0	0	3	0	0.0
LIVE OAK HIGH SCHOOL	Morgan Hill	Santa Clara	Public	All UC	49	33	15	67.35	69	87	0	0	0	0.0	0	0	0	0.0	13	10	3	76.92	0	0	0	0.0	9	8	5	88.89	19	9	5	47.37	0	0	0	0.0	0	0	0	0.0
CASTRO VALLEY HIGH SCHOOL	Castro Valley	Alameda	Public	All UC	327	220	118	67.28	70	88	19	11	6	57.89	0	0	0	0.0	52	34	16	65.38	0	0	0	0.0	164	115	66	70.12	74	48	23	64.86	16	11	6	68.75	0	0	0	0.0
HEAD-ROYCE SCHOOL THE	Oakland	Alameda	Private	All UC	85	57	17	67.06	19	89	12	7	0	58.33	0	0	0	0.0	7	5	0	71.43	0	0	0	0.0	39	29	9	74.36	23	13	4	56.52	0	3	0	0.0	0	0	0	0.0
RISE ACADEMY	San Jose	Santa Clara	Private	All UC	15	10	4	66.67	100	100	0	0	0	0.0	0	0	0	0.0	0	0	0	0.0	0	0	0	0.0	10	7	4	70.0	0	0	0	0.0	0	0	0	0.0	0	0	0	0.0
WILLOW GLEN HIGH SCHOOL	San Jose	Santa Clara	Public	All UC	121	80	38	66.12	71	90	0	0	0	0.0	0	0	0	0.0	43	24	10	55.81	0	0	0	0.0	25	20	16	80.0	45	31	10	68.89	0	0	0	0.0	0	0	0	0.0
PIEDMONT HILLS HIGH SCHOOL	San Jose	Santa Clara	Public	All UC	178	117	50	65.73	72	91	0	3	0	0.0	0	0	0	0.0	10	5	5	50.0	0	0	0	0.0	153	101	41	66.01	0	0	0	0.0	7	5	0	71.43	0	0	0	0.0
PIEDMONT HIGH SCHOOL	Piedmont	Alameda	Public	All UC	131	86	31	65.65	73	92	5	0	0	0.0	0	0	0	0.0	14	6	0	42.86	0	0	0	0.0	35	28	12	80.0	69	44	15	63.77	8	6	0	75.0	0	0	0	0.0
LOS GATOS HIGH SCHOOL	Los Gatos	Santa Clara	Public	All UC	273	179	73	65.57	74	93	5	3	0	60.0	0	0	0	0.0	19	12	3	63.16	0	0	0	0.0	88	67	29	76.14	134	78	31	58.21	25	18	8	72.0	0	0	0	0.0
SAINT FRANCIS HIGH SCHOOL	Mountain View	Santa Clara	Private	All UC	261	171	55	65.52	20	94	0	0	0	0.0	0	0	0	0.0	28	17	4	60.71	0	3	0	0.0	154	111	42	72.08	46	19	0	41.3	23	20	6	86.96	0	0	0	0.0
GRANADA HIGH SCHOOL	Livermore	Alameda	Public	All UC	185	121	49	65.41	75	95	5	3	0	60.0	0	0	0	0.0	31	16	7	51.61	0	0	0	0.0	59	44	16	74.58	78	47	17	60.26	0	3	0	0.0	6	5	4	83.33
SILVER CREEK HIGH SCHOOL	San Jose	Santa Clara	Public	All UC	180	116	54	64.44	76	96	5	4	0	80.0	0	0	0	0.0	5	3	0	60.0	0	0	0	0.0	159	102	48	64.15	0	3	0	0.0	6	3	0	50.0	0	0	0	0.0
HAYWARD TWIN OAKS MONTESSORI	Hayward	Alameda	Public	All UC	16	10	7	62.5	100	100	0	0	0	0.0	0	0	0	0.0	10	7	4	70.0	0	0	0	0.0	0	0	0	0.0	0	0	0	0.0	0	0	0	0.0	0	0	0	0.0
JAMES LICK HIGH SCHOOL	San Jose	Santa Clara	Public	All UC	16	10	5	62.5	100	100	0	0	0	0.0	0	0	0	0.0	9	7	4	77.78	0	0	0	0.0	6	0	0	0.0	0	0	0	0.0	0	0	0	0.0	0	0	0	0.0
PRESENTATION HIGH SCHOOL	San Jose	Santa Clara	Private	All UC	85	53	21	62.35	21	97	0	0	0	0.0	0	0	0	0.0	16	7	3	43.75	0	0	0	0.0	43	31	14	72.09	17	7	0	41.18	5	5	0	100.0	0	0	0	0.0
OAK GROVE HIGH SCHOOL	San Jose	Santa Clara	Public	All UC	69	43	26	62.32	77	98	0	0	0	0.0	0	0	0	0.0	16	8	5	50.0	0	0	0	0.0	45	33	21	73.33	0	0	0	0.0	0	0	0	0.0	0	0	0	0.0
WESTMONT HIGH SCHOOL	Campbell	Santa Clara	Public	All UC	147	91	49	61.9	78	99	6	0	0	0.0	0	0	0	0.0	13	10	5	76.92	0	0	0	0.0	80	53	32	66.25	37	19	8	51.35	7	5	0	71.43	0	0	0	0.0
EMERY SECONDARY SCHOOL	Emeryville	Alameda	Public	All UC	18	11	5	61.11	100	100	7	4	0	57.14	0	0	0	0.0	5	0	0	0.0	0	0	0	0.0	0	3	0	0.0	0	0	0	0.0	0	0	0	0.0	0	0	0	0.0
MILPITAS MIDDLE COLLEGE HS	Milpitas	Santa Clara	Public	All UC	18	11	4	61.11	100	100	0	0	0	0.0	0	0	0	0.0	0	0	0	0.0	0	0	0	0.0	15	8	3	53.33	0	0	0	0.0	0	0	0	0.0	0	0	0	0.0
GERMAN INTL SCH SILICON VLLY	Mountain View	Santa Clara	Private	All UC	15	9	5	60.0	100	100	0	0	0	0.0	0	0	0	0.0	0	0	0	0.0	0	0	0	0.0	0	0	0	0.0	8	6	4	75.0	0	0	0	0.0	0	0	0	0.0
GILROY HIGH SCHOOL	Gilroy	Santa Clara	Public	All UC	47	28	10	59.57	79	100	0	0	0	0.0	0	0	0	0.0	29	17	7	58.62	0	0	0	0.0	6	0	0	0.0	8	6	0	75.0	0	0	0	0.0	0	0	0	0.0
ALPHA CINDY AVITIA HIGH SCHOOL	San Jose	Santa Clara	Public	All UC	31	18	5	58.06	80	101	0	0	0	0.0	0	0	0	0.0	28	16	4	57.14	0	0	0	0.0	0	0	0	0.0	0	0	0	0.0	0	0	0	0.0	0	0	0	0.0
FUSION ACADEMY-LOS GATOS	Los Gatos	Santa Clara	Private	All UC	9	5	0	55.56	100	100	0	0	0	0.0	0	0	0	0.0	0	0	0	0.0	0	0	0	0.0	0	0	0	0.0	0	0	0	0.0	0	0	0	0.0	0	0	0	0.0
ALAMEDA COMMUNITY LEARNING CTR	Alameda	Alameda	Public	All UC	18	10	7	55.56	100	100	0	0	0	0.0	0	0	0	0.0	0	0	0	0.0	0	0	0	0.0	9	5	4	55.56	0	3	0	0.0	0	0	0	0.0	0	0	0	0.0
CASTILLEJA SCHOOL	Palo Alto	Santa Clara	Private	All UC	47	25	6	53.19	22	102	0	0	0	0.0	0	0	0	0.0	9	6	0	66.67	0	0	0	0.0	23	10	3	43.48	9	5	0	55.56	0	0	0	0.0	0	0	0	0.0
ARISE HIGH SCHOOL	Oakland	Alameda	Public	All UC	44	23	8	52.27	81	103	0	0	0	0.0	0	0	0	0.0	42	22	7	52.38	0	0	0	0.0	0	0	0	0.0	0	0	0	0.0	0	0	0	0.0	0	0	0	0.0
REDWOOD CHRISTIAN JR-SR HS	San Lorenzo	Alameda	Private	All UC	24	12	3	50.0	100	100	0	0	0	0.0	0	0	0	0.0	0	4	0	0.0	0	0	0	0.0	9	3	0	33.33	0	0	0	0.0	0	0	0	0.0	0	0	0	0.0
WALDORF SCHOOL OF THE PENINSUL	Mountain View	Santa Clara	Private	All UC	6	3	0	50.0	100	100	0	0	0	0.0	0	0	0	0.0	0	0	0	0.0	0	0	0	0.0	0	0	0	0.0	0	0	0	0.0	0	0	0	0.0	0	0	0	0.0
ALTERNATIVES IN ACTION HS	Oakland	Alameda	Public	All UC	12	6	0	50.0	100	100	0	0	0	0.0	0	0	0	0.0	12	6	0	50.0	0	0	0	0.0	0	0	0	0.0	0	0	0	0.0	0	0	0	0.0	0	0	0	0.0
ASPIRE GOLDEN STATE PREP ACADEMY	Oakland	Alameda	Public	All UC	29	14	3	48.28	100	100	0	0	0	0.0	0	0	0	0.0	28	14	3	50.0	0	0	0	0.0	0	0	0	0.0	0	0	0	0.0	0	0	0	0.0	0	0	0	0.0
MOUNTAIN VIEW ACADEMY	Mountain View	Santa Clara	Private	All UC	7	3	3	42.86	100	100	0	0	0	0.0	0	0	0	0.0	0	0	0	0.0	0	0	0	0.0	0	0	0	0.0	0	0	0	0.0	0	0	0	0.0	0	0	0	0.0
AVERROES HIGH SCHOOL	Fremont	Alameda	Private	All UC	15	6	0	40.0	100	100	0	0	0	0.0	0	0	0	0.0	0	0	0	0.0	0	0	0	0.0	5	3	0	60.0	9	3	0	33.33	0	0	0	0.0	0	0	0	0.0
GRANADA ISLAMIC SCHOOL	Santa Clara	Santa Clara	Private	All UC	5	0	0	0.0	100	100	0	0	0	0.0	0	0	0	0.0	0	0	0	0.0	0	0	0	0.0	0	0	0	0.0	0	0	0	0.0	0	0	0	0.0	0	0	0	0.0
CALERO HIGH SCHOOL	San Jose	Santa Clara	Public	All UC	5	0	0	0.0	100	100	0	0	0	0.0	0	0	0	0.0	0	0	0	0.0	0	0	0	0.0	0	0	0	0.0	0	0	0	0.0	0	0	0	0.0	0	0	0	0.0
ENVISION ACAD ARTS/TECHNOLOGY	Oakland	Alameda	Public	UC Berkeley	9	5	5	55.56	100	100	0	0	0	0.0	0	0	0	0.0	9	5	5	55.56	0	0	0	0.0	0	0	0	0.0	0	0	0	0.0	0	0	0	0.0	0	0	0	0.0
OAKLAND CHARTER HIGH SCHOOL	Oakland	Alameda	Public	UC Berkeley	38	15	12	39.47	1	1	0	0	0	0.0	0	0	0	0.0	16	3	0	18.75	0	0	0	0.0	19	9	8	47.37	0	0	0	0.0	0	0	0	0.0	0	0	0	0.0
COLISEUM COLLEGE PREP ACADEMY	Oakland	Alameda	Public	UC Berkeley	23	9	6	39.13	100	100	0	0	0	0.0	0	0	0	0.0	20	9	6	45.0	0	0	0	0.0	0	0	0	0.0	0	0	0	0.0	0	0	0	0.0	0	0	0	0.0
OAKLAND SCHOOL FOR THE ARTS	Oakland	Alameda	Public	UC Berkeley	23	9	6	39.13	100	100	6	0	0	0.0	0	0	0	0.0	0	0	0	0.0	0	0	0	0.0	7	4	3	57.14	5	0	0	0.0	0	0	0	0.0	0	0	0	0.0
LIFE ACADEMY HIGH SCHOOL	Oakland	Alameda	Public	UC Berkeley	18	6	5	33.33	100	100	0	0	0	0.0	0	0	0	0.0	16	5	4	31.25	0	0	0	0.0	0	0	0	0.0	0	0	0	0.0	0	0	0	0.0	0	0	0	0.0
EAST BAY INNOVATION ACADEMY	Oakland	Alameda	Public	UC Berkeley	10	3	0	30.0	100	100	0	0	0	0.0	0	0	0	0.0	0	0	0	0.0	0	0	0	0.0	0	0	0	0.0	0	0	0	0.0	0	0	0	0.0	0	0	0	0.0
DR TJ OWENS GILROY EARLY COLG	Gilroy	Santa Clara	Public	UC Berkeley	34	9	6	26.47	2	2	0	0	0	0.0	0	0	0	0.0	12	3	0	25.0	0	0	0	0.0	14	4	4	28.57	7	0	0	0.0	0	0	0	0.0	0	0	0	0.0
MCCLYMONDS HIGH SCHOOL	Oakland	Alameda	Public	UC Berkeley	19	5	4	26.32	100	100	16	4	3	25.0	0	0	0	0.0	0	0	0	0.0	0	0	0	0.0	0	0	0	0.0	0	0	0	0.0	0	0	0	0.0	0	0	0	0.0
PRESENTATION HIGH SCHOOL	San Jose	Santa Clara	Private	UC Berkeley	51	13	7	25.49	1	3	0	0	0	0.0	0	0	0	0.0	8	0	0	0.0	0	0	0	0.0	32	7	4	21.88	5	0	0	0.0	0	3	0	0.0	0	0	0	0.0
METWEST HIGH SCHOOL	Oakland	Alameda	Public	UC Berkeley	20	5	4	25.0	100	100	0	0	0	0.0	0	0	0	0.0	13	4	3	30.77	0	0	0	0.0	0	0	0	0.0	0	0	0	0.0	0	0	0	0.0	0	0	0	0.0
SKYLINE HIGH SCHOOL	Oakland	Alameda	Public	UC Berkeley	102	25	9	24.51	3	4	19	0	0	0.0	0	0	0	0.0	31	7	3	22.58	0	0	0	0.0	32	8	3	25.0	17	7	0	41.18	0	0	0	0.0	0	0	0	0.0
BASIS INDEPENDENT SILICON VALL	San Jose	Santa Clara	Private	UC Berkeley	86	20	11	23.26	2	5	0	0	0	0.0	0	0	0	0.0	0	0	0	0.0	0	0	0	0.0	72	19	11	26.39	5	0	0	0.0	9	0	0	0.0	0	0	0	0.0
GERMAN INTL SCH SILICON VLLY	Mountain View	Santa Clara	Private	UC Berkeley	13	3	0	23.08	100	100	0	0	0	0.0	0	0	0	0.0	0	0	0	0.0	0	0	0	0.0	0	0	0	0.0	7	3	0	42.86	0	0	0	0.0	0	0	0	0.0
ALAMEDA COMMUNITY LEARNING CTR	Alameda	Alameda	Public	UC Berkeley	13	3	0	23.08	100	100	0	0	0	0.0	0	0	0	0.0	0	0	0	0.0	0	0	0	0.0	7	0	0	0.0	0	0	0	0.0	0	0	0	0.0	0	0	0	0.0
THE KINGS ACADEMY	Sunnyvale	Santa Clara	Private	UC Berkeley	70	16	8	22.86	3	6	0	0	0	0.0	0	0	0	0.0	0	0	0	0.0	0	0	0	0.0	53	13	8	24.53	0	0	0	0.0	8	0	0	0.0	0	0	0	0.0
QUARRY LANE SCHOOL	Dublin	Alameda	Private	UC Berkeley	66	15	9	22.73	4	7	0	0	0	0.0	0	0	0	0.0	0	0	0	0.0	0	0	0	0.0	43	12	8	27.91	0	0	0	0.0	10	0	0	0.0	9	0	0	0.0
OAKLAND UNITY HIGH SCHOOL	Oakland	Alameda	Public	UC Berkeley	22	5	0	22.73	100	100	0	0	0	0.0	0	0	0	0.0	22	5	0	22.73	0	0	0	0.0	0	0	0	0.0	0	0	0	0.0	0	0	0	0.0	0	0	0	0.0
HEAD-ROYCE SCHOOL THE	Oakland	Alameda	Private	UC Berkeley	75	17	6	22.67	5	8	9	0	0	0.0	0	0	0	0.0	6	0	0	0.0	0	0	0	0.0	36	8	0	22.22	20	5	3	25.0	0	0	0	0.0	0	0	0	0.0
NOTRE DAME HIGH SCHOOL	San Jose	Santa Clara	Private	UC Berkeley	75	17	10	22.67	5	8	0	0	0	0.0	0	0	0	0.0	13	0	0	0.0	0	0	0	0.0	43	11	6	25.58	12	0	0	0.0	0	0	0	0.0	0	0	0	0.0
KEHILLAH JEWISH HIGH SCHOOL	Palo Alto	Santa Clara	Private	UC Berkeley	27	6	0	22.22	100	100	0	0	0	0.0	0	0	0	0.0	0	0	0	0.0	0	0	0	0.0	0	0	0	0.0	21	4	0	19.05	0	0	0	0.0	0	0	0	0.0
WILLOW GLEN HIGH SCHOOL	San Jose	Santa Clara	Public	UC Berkeley	73	16	7	21.92	4	10	0	0	0	0.0	0	0	0	0.0	27	3	0	11.11	0	0	0	0.0	18	5	0	27.78	24	8	5	33.33	0	0	0	0.0	0	0	0	0.0
SARATOGA HIGH SCHOOL	Saratoga	Santa Clara	Public	UC Berkeley	195	41	26	21.03	5	11	0	0	0	0.0	0	0	0	0.0	0	0	0	0.0	0	0	0	0.0	149	28	18	18.79	17	0	0	0.0	22	9	7	40.91	0	0	0	0.0
BELLARMINE COLLEGE PREPARATORY	San Jose	Santa Clara	Private	UC Berkeley	159	33	19	20.75	7	12	5	0	0	0.0	0	0	0	0.0	24	0	0	0.0	0	0	0	0.0	87	24	14	27.59	30	4	0	13.33	13	3	0	23.08	0	0	0	0.0
CRISTO REY DE LA SALLE E BAY	Oakland	Alameda	Private	UC Berkeley	35	7	4	20.0	8	13	6	0	0	0.0	0	0	0	0.0	28	7	4	25.0	0	0	0	0.0	0	0	0	0.0	0	0	0	0.0	0	0	0	0.0	0	0	0	0.0
RISE ACADEMY	San Jose	Santa Clara	Private	UC Berkeley	15	3	3	20.0	100	100	0	0	0	0.0	0	0	0	0.0	0	0	0	0.0	0	0	0	0.0	10	3	3	30.0	0	0	0	0.0	0	0	0	0.0	0	0	0	0.0
ABRAHAM LINCOLN HIGH SCHOOL	San Jose	Santa Clara	Public	UC Berkeley	70	14	7	20.0	6	13	0	0	0	0.0	0	0	0	0.0	42	3	0	7.14	0	0	0	0.0	13	7	4	53.85	12	3	0	25.0	0	0	0	0.0	0	0	0	0.0
ASPIRE LIONEL WILSON COLG PREP	Oakland	Alameda	Public	UC Berkeley	15	3	0	20.0	100	100	0	0	0	0.0	0	0	0	0.0	15	3	0	20.0	0	0	0	0.0	0	0	0	0.0	0	0	0	0.0	0	0	0	0.0	0	0	0	0.0
HAYWARD HIGH SCHOOL	Hayward	Alameda	Public	UC Berkeley	60	12	6	20.0	6	13	0	0	0	0.0	0	0	0	0.0	35	7	4	20.0	0	0	0	0.0	14	5	0	35.71	6	0	0	0.0	0	0	0	0.0	0	0	0	0.0
ARROYO HIGH SCHOOL	San Lorenzo	Alameda	Public	UC Berkeley	103	20	16	19.42	8	16	0	0	0	0.0	0	0	0	0.0	22	0	0	0.0	0	0	0	0.0	74	16	13	21.62	0	0	0	0.0	0	0	0	0.0	0	0	0	0.0
HENRY M GUNN SENIOR HIGH SCHL	Palo Alto	Santa Clara	Public	UC Berkeley	294	57	33	19.39	9	17	7	0	0	0.0	0	0	0	0.0	16	0	0	0.0	0	0	0	0.0	173	31	15	17.92	56	8	4	14.29	34	14	12	41.18	6	0	0	0.0
CASTILLEJA SCHOOL	Palo Alto	Santa Clara	Private	UC Berkeley	37	7	0	18.92	9	18	0	0	0	0.0	0	0	0	0.0	0	0	0	0.0	0	0	0	0.0	22	5	0	22.73	8	0	0	0.0	0	0	0	0.0	0	0	0	0.0
GILROY HIGH SCHOOL	Gilroy	Santa Clara	Public	UC Berkeley	16	3	0	18.75	100	100	0	0	0	0.0	0	0	0	0.0	9	0	0	0.0	0	0	0	0.0	0	0	0	0.0	0	0	0	0.0	0	0	0	0.0	0	0	0	0.0
PIEDMONT HIGH SCHOOL	Piedmont	Alameda	Public	UC Berkeley	92	17	8	18.48	10	19	0	0	0	0.0	0	0	0	0.0	8	0	0	0.0	0	0	0	0.0	27	4	3	14.81	48	10	4	20.83	7	3	0	42.86	0	0	0	0.0
PALO ALTO SENIOR HIGH SCHOOL	Palo Alto	Santa Clara	Public	UC Berkeley	268	49	33	18.28	11	20	0	0	0	0.0	0	0	0	0.0	22	0	0	0.0	0	0	0	0.0	135	28	24	20.74	72	9	5	12.5	30	10	3	33.33	6	0	0	0.0
OAKLAND HIGH SCHOOL	Oakland	Alameda	Public	UC Berkeley	83	15	9	18.07	12	21	18	0	0	0.0	0	0	0	0.0	24	5	3	20.83	0	0	0	0.0	38	8	5	21.05	0	0	0	0.0	0	0	0	0.0	0	0	0	0.0
CUPERTINO HIGH SCHOOL	Cupertino	Santa Clara	Public	UC Berkeley	293	52	39	17.75	13	22	0	0	0	0.0	0	0	0	0.0	7	0	0	0.0	0	0	0	0.0	218	43	33	19.72	18	0	0	0.0	28	7	4	25.0	20	0	0	0.0
UNIVERSITY PREP ACADEMY	San Jose	Santa Clara	Public	UC Berkeley	51	9	7	17.65	14	23	11	0	0	0.0	0	0	0	0.0	0	0	0	0.0	0	0	0	0.0	30	7	5	23.33	0	0	0	0.0	0	0	0	0.0	0	0	0	0.0
LOS GATOS HIGH SCHOOL	Los Gatos	Santa Clara	Public	UC Berkeley	197	34	20	17.26	15	24	0	0	0	0.0	0	0	0	0.0	14	4	0	28.57	0	0	0	0.0	78	12	8	15.38	81	16	9	19.75	19	0	0	0.0	0	0	0	0.0
PROSPECT HIGH SCHOOL	Saratoga	Santa Clara	Public	UC Berkeley	77	13	12	16.88	16	25	0	0	0	0.0	0	0	0	0.0	7	0	0	0.0	0	0	0	0.0	49	11	10	22.45	15	0	0	0.0	0	0	0	0.0	0	0	0	0.0
HARKER SCHOOL	San Jose	Santa Clara	Private	UC Berkeley	167	28	11	16.77	10	26	0	0	0	0.0	0	0	0	0.0	5	0	0	0.0	0	0	0	0.0	114	19	9	16.67	16	0	0	0.0	31	8	0	25.81	0	0	0	0.0
LATINO COLLEGE PREP ACADEMY	San Jose	Santa Clara	Public	UC Berkeley	24	4	0	16.67	100	100	0	0	0	0.0	0	0	0	0.0	23	3	0	13.04	0	0	0	0.0	0	0	0	0.0	0	0	0	0.0	0	0	0	0.0	0	0	0	0.0
LELAND HIGH SCHOOL	San Jose	Santa Clara	Public	UC Berkeley	189	31	23	16.4	17	27	0	0	0	0.0	0	0	0	0.0	8	0	0	0.0	0	0	0	0.0	127	21	14	16.54	30	3	3	10.0	17	5	4	29.41	0	0	0	0.0
BISHOP ODOWD HIGH SCHOOL	Oakland	Alameda	Private	UC Berkeley	174	28	15	16.09	11	28	40	3	0	7.5	0	0	0	0.0	34	8	5	23.53	0	0	0	0.0	40	7	5	17.5	55	7	3	12.73	0	0	0	0.0	0	0	0	0.0
KIPP KING COLLEGIATE HIGH SCH	San Lorenzo	Alameda	Public	UC Berkeley	75	12	7	16.0	18	29	8	0	0	0.0	0	0	0	0.0	29	3	0	10.34	0	0	0	0.0	36	8	4	22.22	0	0	0	0.0	0	0	0	0.0	0	0	0	0.0
ARCHBISHOP MITTY HIGH SCHOOL	San Jose	Santa Clara	Private	UC Berkeley	195	31	21	15.9	12	30	6	0	0	0.0	0	0	0	0.0	29	0	0	0.0	0	0	0	0.0	108	20	13	18.52	28	0	0	0.0	23	8	5	34.78	0	0	0	0.0
ENCINAL HIGH SCHOOL	Alameda	Alameda	Public	UC Berkeley	63	10	7	15.87	19	31	5	0	0	0.0	0	0	0	0.0	12	0	0	0.0	0	0	0	0.0	36	7	5	19.44	8	0	0	0.0	0	0	0	0.0	0	0	0	0.0
SAINT JOSEPH-NOTRE DAME HS	Alameda	Alameda	Private	UC Berkeley	38	6	0	15.79	13	32	6	0	0	0.0	0	0	0	0.0	10	3	0	30.0	0	0	0	0.0	16	0	0	0.0	0	0	0	0.0	0	0	0	0.0	0	0	0	0.0
MADISON PARK ACADEMY	Oakland	Alameda	Public	UC Berkeley	19	3	3	15.79	100	100	0	0	0	0.0	0	0	0	0.0	17	3	3	17.65	0	0	0	0.0	0	0	0	0.0	0	0	0	0.0	0	0	0	0.0	0	0	0	0.0
OAKLAND INTERNATIONAL HIGH SCH	Oakland	Alameda	Public	UC Berkeley	19	3	0	15.79	100	100	0	0	0	0.0	0	0	0	0.0	13	0	0	0.0	0	0	0	0.0	0	0	0	0.0	0	0	0	0.0	0	0	0	0.0	0	0	0	0.0
TENNYSON HIGH SCHOOL	Hayward	Alameda	Public	UC Berkeley	19	3	0	15.79	100	100	0	0	0	0.0	0	0	0	0.0	10	0	0	0.0	0	0	0	0.0	6	0	0	0.0	0	0	0	0.0	0	0	0	0.0	0	0	0	0.0
MOUNTAIN VIEW HIGH SCHOOL	Mountain View	Santa Clara	Public	UC Berkeley	230	35	28	15.22	20	33	0	0	0	0.0	0	0	0	0.0	20	0	0	0.0	0	0	0	0.0	120	22	17	18.33	68	9	7	13.24	12	3	3	25.0	0	0	0	0.0
LIGHTHOUSE COMMUNITY CHAR HS	Oakland	Alameda	Public	UC Berkeley	20	3	3	15.0	100	100	0	0	0	0.0	0	0	0	0.0	18	0	0	0.0	0	0	0	0.0	0	0	0	0.0	0	0	0	0.0	0	0	0	0.0	0	0	0	0.0
NEWARK MEMORIAL HIGH SCHOOL	Newark	Alameda	Public	UC Berkeley	67	10	7	14.93	21	34	9	0	0	0.0	0	0	0	0.0	20	0	0	0.0	0	0	0	0.0	33	6	4	18.18	0	0	0	0.0	0	0	0	0.0	0	0	0	0.0
WESTMONT HIGH SCHOOL	Campbell	Santa Clara	Public	UC Berkeley	94	14	10	14.89	22	35	0	0	0	0.0	0	0	0	0.0	8	0	0	0.0	0	0	0	0.0	60	11	8	18.33	16	0	0	0.0	6	0	0	0.0	0	0	0	0.0
MONTA VISTA HIGH SCHOOL	Cupertino	Santa Clara	Public	UC Berkeley	289	43	28	14.88	23	36	0	0	0	0.0	0	0	0	0.0	0	0	0	0.0	0	0	0	0.0	211	32	23	15.17	18	0	0	0.0	36	8	3	22.22	21	0	0	0.0
LIVERMORE HIGH SCHOOL	Livermore	Alameda	Public	UC Berkeley	61	9	3	14.75	24	37	0	0	0	0.0	0	0	0	0.0	6	0	0	0.0	0	0	0	0.0	32	4	0	12.5	14	3	0	21.43	0	0	0	0.0	0	0	0	0.0
ANDREW P HILL HIGH SCHOOL	San Jose	Santa Clara	Public	UC Berkeley	34	5	0	14.71	25	38	0	0	0	0.0	0	0	0	0.0	5	0	0	0.0	0	0	0	0.0	27	4	0	14.81	0	0	0	0.0	0	0	0	0.0	0	0	0	0.0
SANTA TERESA HIGH SCHOOL	San Jose	Santa Clara	Public	UC Berkeley	116	17	12	14.66	26	39	0	0	0	0.0	0	0	0	0.0	19	5	3	26.32	0	0	0	0.0	74	10	8	13.51	12	0	0	0.0	5	0	0	0.0	0	0	0	0.0
IMPACT ACAD ARTS/TECHNOLOGY	Hayward	Alameda	Public	UC Berkeley	41	6	0	14.63	27	40	0	0	0	0.0	0	0	0	0.0	27	4	0	14.81	0	0	0	0.0	9	0	0	0.0	0	0	0	0.0	0	0	0	0.0	0	0	0	0.0
LOS ALTOS HIGH SCHOOL	Los Altos	Santa Clara	Public	UC Berkeley	246	36	22	14.63	27	40	6	0	0	0.0	0	0	0	0.0	29	0	0	0.0	0	0	0	0.0	125	21	12	16.8	60	9	5	15.0	17	0	0	0.0	7	3	0	42.86
AIMS COLLEGE PREP HIGH SCHOOL	Oakland	Alameda	Public	UC Berkeley	49	7	6	14.29	29	42	16	3	0	18.75	0	0	0	0.0	7	0	0	0.0	0	0	0	0.0	25	4	4	16.0	0	0	0	0.0	0	0	0	0.0	0	0	0	0.0
SUMMIT PUBLIC SCHOOL-TAHOMA	San Jose	Santa Clara	Public	UC Berkeley	42	6	5	14.29	29	42	0	0	0	0.0	0	0	0	0.0	7	0	0	0.0	0	0	0	0.0	26	5	5	19.23	6	0	0	0.0	0	0	0	0.0	0	0	0	0.0
SAINT FRANCIS HIGH SCHOOL	Mountain View	Santa Clara	Private	UC Berkeley	190	27	17	14.21	14	44	0	0	0	0.0	0	0	0	0.0	16	3	3	18.75	0	0	0	0.0	125	20	13	16.0	21	0	0	0.0	22	3	0	13.64	0	0	0	0.0
HENRY T GUNDERSON HIGH SCHOOL	San Jose	Santa Clara	Public	UC Berkeley	29	4	0	13.79	100	100	0	0	0	0.0	0	0	0	0.0	0	0	0	0.0	0	0	0	0.0	19	4	0	21.05	0	0	0	0.0	0	0	0	0.0	0	0	0	0.0
OAKLAND TECHNICAL HIGH SCHOOL	Oakland	Alameda	Public	UC Berkeley	160	22	11	13.75	31	45	36	0	0	0.0	0	0	0	0.0	21	6	4	28.57	0	0	0	0.0	59	7	3	11.86	41	7	3	17.07	0	0	0	0.0	0	0	0	0.0
PINEWOOD SCHOOL	Los Altos Hills	Santa Clara	Private	UC Berkeley	22	3	0	13.64	100	100	0	0	0	0.0	0	0	0	0.0	0	0	0	0.0	0	0	0	0.0	15	3	0	20.0	0	0	0	0.0	0	0	0	0.0	0	0	0	0.0
HOMESTEAD HIGH SCHOOL	Cupertino	Santa Clara	Public	UC Berkeley	279	38	21	13.62	32	46	0	0	0	0.0	0	0	0	0.0	19	0	0	0.0	0	0	0	0.0	178	24	11	13.48	41	5	5	12.2	30	8	5	26.67	10	0	0	0.0
ARISE HIGH SCHOOL	Oakland	Alameda	Public	UC Berkeley	37	5	0	13.51	33	47	0	0	0	0.0	0	0	0	0.0	35	5	0	14.29	0	0	0	0.0	0	0	0	0.0	0	0	0	0.0	0	0	0	0.0	0	0	0	0.0
MILPITAS HIGH SCHOOL	Milpitas	Santa Clara	Public	UC Berkeley	268	36	24	13.43	34	48	0	0	0	0.0	0	0	0	0.0	8	0	0	0.0	0	0	0	0.0	225	31	19	13.78	10	0	0	0.0	8	0	0	0.0	12	0	0	0.0
CHRISTOPHER HIGH SCHOOL	Gilroy	Santa Clara	Public	UC Berkeley	53	7	5	13.21	35	49	9	3	0	33.33	0	0	0	0.0	21	0	0	0.0	0	0	0	0.0	14	0	0	0.0	8	0	0	0.0	0	0	0	0.0	0	0	0	0.0
FREMONT CHRISTIAN HIGH SCHOOL	Fremont	Alameda	Private	UC Berkeley	23	3	0	13.04	100	100	0	0	0	0.0	0	0	0	0.0	0	0	0	0.0	0	0	0	0.0	12	0	0	0.0	0	0	0	0.0	0	0	0	0.0	0	0	0	0.0
ALBANY HIGH SCHOOL	Albany	Alameda	Public	UC Berkeley	143	18	11	12.59	36	50	0	0	0	0.0	0	0	0	0.0	17	0	0	0.0	0	0	0	0.0	78	14	9	17.95	39	4	0	10.26	6	0	0	0.0	0	0	0	0.0
FREMONT HIGH SCHOOL	Oakland	Alameda	Public	UC Berkeley	40	5	3	12.5	37	51	0	0	0	0.0	0	0	0	0.0	28	4	0	14.29	0	0	0	0.0	6	0	0	0.0	0	0	0	0.0	0	0	0	0.0	0	0	0	0.0
EVERGREEN VALLEY HIGH SCHOOL	San Jose	Santa Clara	Public	UC Berkeley	332	41	24	12.35	38	52	0	0	0	0.0	0	0	0	0.0	11	0	0	0.0	0	0	0	0.0	282	37	22	13.12	0	0	0	0.0	22	4	0	18.18	10	0	0	0.0
DUBLIN HIGH SCHOOL	Dublin	Alameda	Public	UC Berkeley	462	56	39	12.12	39	53	7	0	0	0.0	0	0	0	0.0	9	0	0	0.0	0	0	0	0.0	372	48	36	12.9	27	0	0	0.0	30	6	0	20.0	17	0	0	0.0
SILVER CREEK HIGH SCHOOL	San Jose	Santa Clara	Public	UC Berkeley	124	15	10	12.1	40	54	0	0	0	0.0	0	0	0	0.0	0	0	0	0.0	0	0	0	0.0	107	14	9	13.08	0	0	0	0.0	6	0	0	0.0	0	0	0	0.0
LYNBROOK HIGH SCHOOL	San Jose	Santa Clara	Public	UC Berkeley	323	39	32	12.07	41	55	0	0	0	0.0	0	0	0	0.0	0	0	0	0.0	0	0	0	0.0	243	26	24	10.7	11	0	0	0.0	53	12	7	22.64	11	0	0	0.0
ALAMEDA SCIENCE & TECHLGY INST	Alameda	Alameda	Public	UC Berkeley	25	3	0	12.0	100	100	0	0	0	0.0	0	0	0	0.0	0	0	0	0.0	0	0	0	0.0	16	3	0	18.75	0	0	0	0.0	0	0	0	0.0	0	0	0	0.0
INDEPENDENCE HIGH SCHOOL	San Jose	Santa Clara	Public	UC Berkeley	100	12	8	12.0	42	56	0	0	0	0.0	0	0	0	0.0	7	0	0	0.0	0	0	0	0.0	85	9	6	10.59	0	0	0	0.0	0	0	0	0.0	0	0	0	0.0
BRANHAM HIGH SCHOOL	San Jose	Santa Clara	Public	UC Berkeley	144	17	11	11.81	43	57	0	0	0	0.0	0	0	0	0.0	14	0	0	0.0	0	0	0	0.0	72	10	6	13.89	47	5	4	10.64	8	0	0	0.0	0	0	0	0.0
COLLEGE PREPARATORY SCHOOL	Oakland	Alameda	Private	UC Berkeley	68	8	0	11.76	15	58	6	0	0	0.0	0	0	0	0.0	0	0	0	0.0	0	0	0	0.0	35	4	0	11.43	18	3	0	16.67	5	0	0	0.0	0	0	0	0.0
JOHN F KENNEDY HIGH SCHOOL	Fremont	Alameda	Public	UC Berkeley	69	8	7	11.59	44	59	0	0	0	0.0	0	0	0	0.0	7	0	0	0.0	0	0	0	0.0	50	6	6	12.0	7	0	0	0.0	0	0	0	0.0	0	0	0	0.0
PIONEER HIGH SCHOOL	San Jose	Santa Clara	Public	UC Berkeley	70	8	5	11.43	45	60	0	0	0	0.0	0	0	0	0.0	19	0	0	0.0	0	0	0	0.0	24	3	3	12.5	24	3	0	12.5	0	0	0	0.0	0	0	0	0.0
JAMES LOGAN HIGH SCHOOL	Union City	Alameda	Public	UC Berkeley	193	22	16	11.4	46	61	8	0	0	0.0	0	0	0	0.0	26	0	0	0.0	0	0	0	0.0	137	15	11	10.95	11	0	0	0.0	8	4	3	50.0	0	0	0	0.0
BERKELEY HIGH SCHOOL	Berkeley	Alameda	Public	UC Berkeley	339	38	14	11.21	47	62	42	0	0	0.0	0	0	0	0.0	55	3	3	5.45	0	0	0	0.0	73	7	0	9.59	158	26	9	16.46	7	0	0	0.0	0	0	0	0.0
OAK GROVE HIGH SCHOOL	San Jose	Santa Clara	Public	UC Berkeley	45	5	3	11.11	48	63	0	0	0	0.0	0	0	0	0.0	11	0	0	0.0	0	0	0	0.0	30	5	3	16.67	0	0	0	0.0	0	0	0	0.0	0	0	0	0.0
SAN JOSE HIGH SCHOOL	San Jose	Santa Clara	Public	UC Berkeley	27	3	0	11.11	100	100	0	0	0	0.0	0	0	0	0.0	18	0	0	0.0	0	0	0	0.0	7	0	0	0.0	0	0	0	0.0	0	0	0	0.0	0	0	0	0.0
LEIGH HIGH SCHOOL	San Jose	Santa Clara	Public	UC Berkeley	136	15	11	11.03	49	64	0	0	0	0.0	0	0	0	0.0	8	0	0	0.0	0	0	0	0.0	85	12	9	14.12	30	0	0	0.0	5	0	0	0.0	0	0	0	0.0
AMERICAN HIGH SCHOOL	Fremont	Alameda	Public	UC Berkeley	300	33	23	11.0	50	65	0	0	0	0.0	0	0	0	0.0	7	0	0	0.0	0	0	0	0.0	235	26	18	11.06	8	0	0	0.0	23	6	5	26.09	22	0	0	0.0
SANTA CLARA HIGH SCHOOL	Santa Clara	Santa Clara	Public	UC Berkeley	92	10	8	10.87	51	66	5	0	0	0.0	0	0	0	0.0	12	0	0	0.0	0	0	0	0.0	60	8	7	13.33	9	0	0	0.0	0	0	0	0.0	0	0	0	0.0
BASIS INDEPENDENT FREMONT UPPER SCH	Fremont	Alameda	Private	UC Berkeley	37	4	0	10.81	16	67	0	0	0	0.0	0	0	0	0.0	0	0	0	0.0	0	0	0	0.0	31	3	0	9.68	0	0	0	0.0	0	0	0	0.0	0	0	0	0.0
CRISTO REY SAN JOSE JESUIT HS	San Jose	Santa Clara	Private	UC Berkeley	37	4	0	10.81	16	67	0	0	0	0.0	0	0	0	0.0	36	4	0	11.11	0	0	0	0.0	0	0	0	0.0	0	0	0	0.0	0	0	0	0.0	0	0	0	0.0
MISSION SAN JOSE HIGH SCHOOL	Fremont	Alameda	Public	UC Berkeley	369	39	23	10.57	52	69	0	0	0	0.0	0	0	0	0.0	5	0	0	0.0	0	0	0	0.0	295	31	18	10.51	0	0	0	0.0	49	8	5	16.33	12	0	0	0.0
IRVINGTON HIGH SCHOOL	Fremont	Alameda	Public	UC Berkeley	328	34	23	10.37	53	70	0	0	0	0.0	0	0	0	0.0	10	0	0	0.0	0	0	0	0.0	263	27	20	10.27	6	0	0	0.0	31	5	0	16.13	18	0	0	0.0
MOREAU CATHOLIC HIGH SCHOOL	Hayward	Alameda	Private	UC Berkeley	87	9	0	10.34	18	71	7	0	0	0.0	0	0	0	0.0	13	0	0	0.0	0	0	0	0.0	58	8	0	13.79	0	0	0	0.0	0	0	0	0.0	0	0	0	0.0
ALAMEDA HIGH SCHOOL	Alameda	Alameda	Public	UC Berkeley	159	16	10	10.06	54	72	8	0	0	0.0	0	0	0	0.0	24	0	0	0.0	0	0	0	0.0	76	9	7	11.84	48	3	0	6.25	0	0	0	0.0	0	0	0	0.0
CASTRO VALLEY HIGH SCHOOL	Castro Valley	Alameda	Public	UC Berkeley	231	23	16	9.96	55	73	16	0	0	0.0	0	0	0	0.0	33	4	4	12.12	0	0	0	0.0	130	12	10	9.23	39	4	0	10.26	12	3	0	25.0	0	0	0	0.0
YERBA BUENA HIGH SCHOOL	San Jose	Santa Clara	Public	UC Berkeley	63	6	5	9.52	56	74	0	0	0	0.0	0	0	0	0.0	6	0	0	0.0	0	0	0	0.0	56	6	5	10.71	0	0	0	0.0	0	0	0	0.0	0	0	0	0.0
ADRIAN C WILCOX HIGH SCHOOL	Santa Clara	Santa Clara	Public	UC Berkeley	127	11	6	8.66	57	75	0	0	0	0.0	0	0	0	0.0	10	0	0	0.0	0	0	0	0.0	98	10	5	10.2	7	0	0	0.0	8	0	0	0.0	0	0	0	0.0
AMADOR VALLEY HIGH SCHOOL	Pleasanton	Alameda	Public	UC Berkeley	305	26	19	8.52	58	76	0	0	0	0.0	0	0	0	0.0	8	0	0	0.0	0	0	0	0.0	211	17	13	8.06	31	0	0	0.0	40	8	5	20.0	12	0	0	0.0
SAINT MARY'S COLLEGE HIGH SCHO	Berkeley	Alameda	Private	UC Berkeley	59	5	3	8.47	19	77	8	0	0	0.0	0	0	0	0.0	16	0	0	0.0	0	0	0	0.0	17	3	0	17.65	17	0	0	0.0	0	0	0	0.0	0	0	0	0.0
KIPP SAN JOSE COLLEGIATE	San Jose	Santa Clara	Public	UC Berkeley	59	5	0	8.47	59	77	0	0	0	0.0	0	0	0	0.0	25	0	0	0.0	0	0	0	0.0	32	3	0	9.38	0	0	0	0.0	0	0	0	0.0	0	0	0	0.0
SAN LORENZO HIGH SCHOOL	San Lorenzo	Alameda	Public	UC Berkeley	36	3	0	8.33	100	100	5	0	0	0.0	0	0	0	0.0	20	0	0	0.0	0	0	0	0.0	6	0	0	0.0	0	0	0	0.0	0	0	0	0.0	0	0	0	0.0
PIEDMONT HILLS HIGH SCHOOL	San Jose	Santa Clara	Public	UC Berkeley	131	10	9	7.63	60	79	0	0	0	0.0	0	0	0	0.0	6	0	0	0.0	0	0	0	0.0	114	8	7	7.02	0	0	0	0.0	7	0	0	0.0	0	0	0	0.0
FOOTHILL HIGH SCHOOL	Pleasanton	Alameda	Public	UC Berkeley	233	15	12	6.44	61	80	0	0	0	0.0	0	0	0	0.0	13	0	0	0.0	0	0	0	0.0	156	7	6	4.49	28	3	0	10.71	21	3	0	14.29	12	0	0	0.0
WASHINGTON HIGH SCHOOL	Fremont	Alameda	Public	UC Berkeley	144	7	4	4.86	62	81	0	0	0	0.0	0	0	0	0.0	6	0	0	0.0	0	0	0	0.0	108	6	3	5.56	11	0	0	0.0	7	0	0	0.0	10	0	0	0.0
GRANADA HIGH SCHOOL	Livermore	Alameda	Public	UC Berkeley	109	5	0	4.59	63	82	0	0	0	0.0	0	0	0	0.0	16	0	0	0.0	0	0	0	0.0	40	4	0	10.0	39	0	0	0.0	0	0	0	0.0	6	0	0	0.0
ANN SOBRATO HIGH SCHOOL	Morgan Hill	Santa Clara	Public	UC Berkeley	73	3	3	4.11	100	100	0	0	0	0.0	0	0	0	0.0	19	0	0	0.0	0	0	0	0.0	30	0	0	0.0	17	0	0	0.0	0	0	0	0.0	0	0	0	0.0
SAN LEANDRO HIGH SCHOOL	San Leandro	Alameda	Public	UC Berkeley	126	5	5	3.97	64	83	15	0	0	0.0	0	0	0	0.0	44	0	0	0.0	0	0	0	0.0	58	4	4	6.9	9	0	0	0.0	0	0	0	0.0	0	0	0	0.0
ALSION MONTESSORI MIDDLE/HIGH	Fremont	Alameda	Private	UC Berkeley	10	0	0	0.0	100	100	0	0	0	0.0	0	0	0	0.0	0	0	0	0.0	0	0	0	0.0	8	0	0	0.0	0	0	0	0.0	0	0	0	0.0	0	0	0	0.0
AVERROES HIGH SCHOOL	Fremont	Alameda	Private	UC Berkeley	14	0	0	0.0	100	100	0	0	0	0.0	0	0	0	0.0	0	0	0	0.0	0	0	0	0.0	5	0	0	0.0	8	0	0	0.0	0	0	0	0.0	0	0	0	0.0
CALIFORNIA CROSSPOINT HIGH SCHOOL	Hayward	Alameda	Private	UC Berkeley	37	0	0	0.0	100	100	0	0	0	0.0	0	0	0	0.0	0	0	0	0.0	0	0	0	0.0	23	0	0	0.0	0	0	0	0.0	0	0	0	0.0	10	0	0	0.0
FUSION ACADEMY-LOS GATOS	Los Gatos	Santa Clara	Private	UC Berkeley	6	0	0	0.0	100	100	0	0	0	0.0	0	0	0	0.0	0	0	0	0.0	0	0	0	0.0	0	0	0	0.0	0	0	0	0.0	0	0	0	0.0	0	0	0	0.0
GRANADA ISLAMIC SCHOOL	Santa Clara	Santa Clara	Private	UC Berkeley	5	0	0	0.0	100	100	0	0	0	0.0	0	0	0	0.0	0	0	0	0.0	0	0	0	0.0	0	0	0	0.0	0	0	0	0.0	0	0	0	0.0	0	0	0	0.0
HOLY NAMES HIGH SCHOOL	Oakland	Alameda	Private	UC Berkeley	14	0	0	0.0	100	100	0	0	0	0.0	0	0	0	0.0	9	0	0	0.0	0	0	0	0.0	0	0	0	0.0	0	0	0	0.0	0	0	0	0.0	0	0	0	0.0
KHAN LAB SCHOOL	Mountain View	Santa Clara	Private	UC Berkeley	13	0	0	0.0	100	100	0	0	0	0.0	0	0	0	0.0	0	0	0	0.0	0	0	0	0.0	9	0	0	0.0	0	0	0	0.0	0	0	0	0.0	0	0	0	0.0
MAYBECK HIGH SCHOOL	Berkeley	Alameda	Private	UC Berkeley	8	0	0	0.0	100	100	0	0	0	0.0	0	0	0	0.0	0	0	0	0.0	0	0	0	0.0	0	0	0	0.0	0	0	0	0.0	0	0	0	0.0	0	0	0	0.0
OAKWOOD SCHOOL	Morgan Hill	Santa Clara	Private	UC Berkeley	16	0	0	0.0	100	100	0	0	0	0.0	0	0	0	0.0	0	0	0	0.0	0	0	0	0.0	8	0	0	0.0	0	0	0	0.0	0	0	0	0.0	0	0	0	0.0
REDWOOD CHRISTIAN JR-SR HS	San Lorenzo	Alameda	Private	UC Berkeley	19	0	0	0.0	100	100	0	0	0	0.0	0	0	0	0.0	0	0	0	0.0	0	0	0	0.0	7	0	0	0.0	0	0	0	0.0	0	0	0	0.0	0	0	0	0.0
VALLEY CHRISTIAN HIGH SCHOOL	Dublin	Alameda	Private	UC Berkeley	14	0	0	0.0	100	100	0	0	0	0.0	0	0	0	0.0	0	0	0	0.0	0	0	0	0.0	9	0	0	0.0	0	0	0	0.0	0	0	0	0.0	0	0	0	0.0
WALDORF SCHOOL OF THE PENINSUL	Mountain View	Santa Clara	Private	UC Berkeley	5	0	0	0.0	100	100	0	0	0	0.0	0	0	0	0.0	0	0	0	0.0	0	0	0	0.0	0	0	0	0.0	0	0	0	0.0	0	0	0	0.0	0	0	0	0.0
ACE CHARTER HIGH SCHOOL	San Jose	Santa Clara	Public	UC Berkeley	8	0	0	0.0	100	100	0	0	0	0.0	0	0	0	0.0	8	0	0	0.0	0	0	0	0.0	0	0	0	0.0	0	0	0	0.0	0	0	0	0.0	0	0	0	0.0
ALPHA CINDY AVITIA HIGH SCHOOL	San Jose	Santa Clara	Public	UC Berkeley	21	0	0	0.0	100	100	0	0	0	0.0	0	0	0	0.0	18	0	0	0.0	0	0	0	0.0	0	0	0	0.0	0	0	0	0.0	0	0	0	0.0	0	0	0	0.0
ALTERNATIVES IN ACTION HS	Oakland	Alameda	Public	UC Berkeley	10	0	0	0.0	100	100	0	0	0	0.0	0	0	0	0.0	10	0	0	0.0	0	0	0	0.0	0	0	0	0.0	0	0	0	0.0	0	0	0	0.0	0	0	0	0.0
ASPIRE GOLDEN STATE PREP ACADEMY	Oakland	Alameda	Public	UC Berkeley	21	0	0	0.0	100	100	0	0	0	0.0	0	0	0	0.0	21	0	0	0.0	0	0	0	0.0	0	0	0	0.0	0	0	0	0.0	0	0	0	0.0	0	0	0	0.0
BAY AREA TECHNOLOGY-BAYTECH	Oakland	Alameda	Public	UC Berkeley	11	0	0	0.0	100	100	0	0	0	0.0	0	0	0	0.0	9	0	0	0.0	0	0	0	0.0	0	0	0	0.0	0	0	0	0.0	0	0	0	0.0	0	0	0	0.0
CASTLEMONT HIGH SCHOOL	Oakland	Alameda	Public	UC Berkeley	15	0	0	0.0	100	100	0	0	0	0.0	0	0	0	0.0	11	0	0	0.0	0	0	0	0.0	0	0	0	0.0	0	0	0	0.0	0	0	0	0.0	0	0	0	0.0
CIRCLE OF INDEPENDENT LEARNING	Fremont	Alameda	Public	UC Berkeley	6	0	0	0.0	100	100	0	0	0	0.0	0	0	0	0.0	0	0	0	0.0	0	0	0	0.0	0	0	0	0.0	0	0	0	0.0	0	0	0	0.0	0	0	0	0.0
DEL MAR HIGH SCHOOL	San Jose	Santa Clara	Public	UC Berkeley	40	0	0	0.0	100	100	8	0	0	0.0	0	0	0	0.0	8	0	0	0.0	0	0	0	0.0	17	0	0	0.0	0	0	0	0.0	0	0	0	0.0	0	0	0	0.0
DOWNTOWN COLG PREP EL PRIMERO	San Jose	Santa Clara	Public	UC Berkeley	16	0	0	0.0	100	100	0	0	0	0.0	0	0	0	0.0	15	0	0	0.0	0	0	0	0.0	0	0	0	0.0	0	0	0	0.0	0	0	0	0.0	0	0	0	0.0
DOWNTOWN COLLEGE PREP ALUM ROC	San Jose	Santa Clara	Public	UC Berkeley	8	0	0	0.0	100	100	0	0	0	0.0	0	0	0	0.0	7	0	0	0.0	0	0	0	0.0	0	0	0	0.0	0	0	0	0.0	0	0	0	0.0	0	0	0	0.0
EMERY SECONDARY SCHOOL	Emeryville	Alameda	Public	UC Berkeley	15	0	0	0.0	100	100	0	0	0	0.0	0	0	0	0.0	5	0	0	0.0	0	0	0	0.0	0	0	0	0.0	0	0	0	0.0	0	0	0	0.0	0	0	0	0.0
HAYWARD TWIN OAKS MONTESSORI	Hayward	Alameda	Public	UC Berkeley	12	0	0	0.0	100	100	0	0	0	0.0	0	0	0	0.0	7	0	0	0.0	0	0	0	0.0	0	0	0	0.0	0	0	0	0.0	0	0	0	0.0	0	0	0	0.0
JAMES LICK HIGH SCHOOL	San Jose	Santa Clara	Public	UC Berkeley	11	0	0	0.0	100	100	0	0	0	0.0	0	0	0	0.0	6	0	0	0.0	0	0	0	0.0	0	0	0	0.0	0	0	0	0.0	0	0	0	0.0	0	0	0	0.0
KIPP NAVIGATE COLLEGE PREP	San Jose	Santa Clara	Public	UC Berkeley	11	0	0	0.0	100	100	0	0	0	0.0	0	0	0	0.0	0	0	0	0.0	0	0	0	0.0	7	0	0	0.0	0	0	0	0.0	0	0	0	0.0	0	0	0	0.0
LATITUDE 37.8 HS MERRITT COLLEGE	Oakland	Alameda	Public	UC Berkeley	10	0	0	0.0	100	100	0	0	0	0.0	0	0	0	0.0	7	0	0	0.0	0	0	0	0.0	0	0	0	0.0	0	0	0	0.0	0	0	0	0.0	0	0	0	0.0
LEADERSHIP PUBLIC SCH HAYWARD	Hayward	Alameda	Public	UC Berkeley	42	0	0	0.0	100	100	0	0	0	0.0	0	0	0	0.0	23	0	0	0.0	0	0	0	0.0	15	0	0	0.0	0	0	0	0.0	0	0	0	0.0	0	0	0	0.0
LIVE OAK HIGH SCHOOL	Morgan Hill	Santa Clara	Public	UC Berkeley	26	0	0	0.0	100	100	0	0	0	0.0	0	0	0	0.0	8	0	0	0.0	0	0	0	0.0	8	0	0	0.0	9	0	0	0.0	0	0	0	0.0	0	0	0	0.0
LPS OAKLAND R&D CAMPUS	Oakland	Alameda	Public	UC Berkeley	18	0	0	0.0	100	100	0	0	0	0.0	0	0	0	0.0	17	0	0	0.0	0	0	0	0.0	0	0	0	0.0	0	0	0	0.0	0	0	0	0.0	0	0	0	0.0
LUIS VALDEZ LEADERSHIP ACADEMY	San Jose	Santa Clara	Public	UC Berkeley	12	0	0	0.0	100	100	0	0	0	0.0	0	0	0	0.0	12	0	0	0.0	0	0	0	0.0	0	0	0	0.0	0	0	0	0.0	0	0	0	0.0	0	0	0	0.0
MILPITAS MIDDLE COLLEGE HS	Milpitas	Santa Clara	Public	UC Berkeley	15	0	0	0.0	100	100	0	0	0	0.0	0	0	0	0.0	0	0	0	0.0	0	0	0	0.0	12	0	0	0.0	0	0	0	0.0	0	0	0	0.0	0	0	0	0.0
MISSION EARLY COLLEGE HIGH SCH	Santa Clara	Santa Clara	Public	UC Berkeley	18	0	0	0.0	100	100	0	0	0	0.0	0	0	0	0.0	0	0	0	0.0	0	0	0	0.0	9	0	0	0.0	0	0	0	0.0	0	0	0	0.0	0	0	0	0.0
MOUNT EDEN HIGH SCHOOL	Hayward	Alameda	Public	UC Berkeley	58	0	0	0.0	100	100	7	0	0	0.0	0	0	0	0.0	21	0	0	0.0	0	0	0	0.0	27	0	0	0.0	0	0	0	0.0	0	0	0	0.0	0	0	0	0.0
MOUNT PLEASANT HIGH SCHOOL	San Jose	Santa Clara	Public	UC Berkeley	16	0	0	0.0	100	100	0	0	0	0.0	0	0	0	0.0	11	0	0	0.0	0	0	0	0.0	5	0	0	0.0	0	0	0	0.0	0	0	0	0.0	0	0	0	0.0
NEA COMMUNITY LEARNING CENTER	Alameda	Alameda	Public	UC Berkeley	7	0	0	0.0	100	100	0	0	0	0.0	0	0	0	0.0	0	0	0	0.0	0	0	0	0.0	0	0	0	0.0	0	0	0	0.0	0	0	0	0.0	0	0	0	0.0
OAKLAND MILITARY INST COL PREP	Oakland	Alameda	Public	UC Berkeley	22	0	0	0.0	100	100	0	0	0	0.0	0	0	0	0.0	12	0	0	0.0	0	0	0	0.0	6	0	0	0.0	0	0	0	0.0	0	0	0	0.0	0	0	0	0.0
ROBERTO CRUZ LEADERSHIP ACDMY	San Jose	Santa Clara	Public	UC Berkeley	8	0	0	0.0	100	100	0	0	0	0.0	0	0	0	0.0	8	0	0	0.0	0	0	0	0.0	0	0	0	0.0	0	0	0	0.0	0	0	0	0.0	0	0	0	0.0
SOJOURNER TRUTH ACADEMY	Oakland	Alameda	Public	UC Berkeley	5	0	0	0.0	100	100	0	0	0	0.0	0	0	0	0.0	0	0	0	0.0	0	0	0	0.0	0	0	0	0.0	0	0	0	0.0	0	0	0	0.0	0	0	0	0.0
W C OVERFELT HIGH SCHOOL	San Jose	Santa Clara	Public	UC Berkeley	36	0	0	0.0	100	100	0	0	0	0.0	0	0	0	0.0	24	0	0	0.0	0	0	0	0.0	12	0	0	0.0	0	0	0	0.0	0	0	0	0.0	0	0	0	0.0
ALAMEDA SCIENCE & TECHLGY INST	Alameda	Alameda	Public	UCLA	20	7	4	35.0	100	100	0	0	0	0.0	0	0	0	0.0	0	0	0	0.0	0	0	0	0.0	15	6	3	40.0	0	0	0	0.0	0	0	0	0.0	0	0	0	0.0
OAKLAND SCHOOL FOR THE ARTS	Oakland	Alameda	Public	UCLA	31	9	4	29.03	1	1	6	0	0	0.0	0	0	0	0.0	5	0	0	0.0	0	0	0	0.0	7	0	0	0.0	12	3	0	25.0	0	0	0	0.0	0	0	0	0.0
COLISEUM COLLEGE PREP ACADEMY	Oakland	Alameda	Public	UCLA	15	4	0	26.67	100	100	5	0	0	0.0	0	0	0	0.0	10	0	0	0.0	0	0	0	0.0	0	0	0	0.0	0	0	0	0.0	0	0	0	0.0	0	0	0	0.0
KEHILLAH JEWISH HIGH SCHOOL	Palo Alto	Santa Clara	Private	UCLA	27	6	0	22.22	100	100	0	0	0	0.0	0	0	0	0.0	0	0	0	0.0	0	0	0	0.0	0	0	0	0.0	22	5	0	22.73	0	0	0	0.0	0	0	0	0.0
SKYLINE HIGH SCHOOL	Oakland	Alameda	Public	UCLA	103	20	12	19.42	2	2	18	6	3	33.33	0	0	0	0.0	28	4	3	14.29	0	0	0	0.0	27	8	5	29.63	28	0	0	0.0	0	0	0	0.0	0	0	0	0.0
REDWOOD CHRISTIAN JR-SR HS	San Lorenzo	Alameda	Private	UCLA	16	3	0	18.75	100	100	0	0	0	0.0	0	0	0	0.0	0	0	0	0.0	0	0	0	0.0	5	0	0	0.0	0	0	0	0.0	0	0	0	0.0	0	0	0	0.0
SAN JOSE HIGH SCHOOL	San Jose	Santa Clara	Public	UCLA	17	3	0	17.65	100	100	0	0	0	0.0	0	0	0	0.0	11	0	0	0.0	0	0	0	0.0	6	0	0	0.0	0	0	0	0.0	0	0	0	0.0	0	0	0	0.0
CRISTO REY DE LA SALLE E BAY	Oakland	Alameda	Private	UCLA	24	4	0	16.67	100	100	0	0	0	0.0	0	0	0	0.0	20	4	0	20.0	0	0	0	0.0	0	0	0	0.0	0	0	0	0.0	0	0	0	0.0	0	0	0	0.0
FREMONT HIGH SCHOOL	Oakland	Alameda	Public	UCLA	37	6	0	16.22	3	3	9	0	0	0.0	0	0	0	0.0	20	5	0	25.0	0	0	0	0.0	5	0	0	0.0	0	0	0	0.0	0	0	0	0.0	0	0	0	0.0
OAKLAND CHARTER HIGH SCHOOL	Oakland	Alameda	Public	UCLA	31	5	0	16.13	4	4	0	0	0	0.0	0	0	0	0.0	10	0	0	0.0	0	0	0	0.0	17	4	0	23.53	0	0	0	0.0	0	0	0	0.0	0	0	0	0.0
BASIS INDEPENDENT SILICON VALL	San Jose	Santa Clara	Private	UCLA	88	14	3	15.91	1	5	0	0	0	0.0	0	0	0	0.0	0	0	0	0.0	0	0	0	0.0	74	14	3	18.92	5	0	0	0.0	9	0	0	0.0	0	0	0	0.0
OAK GROVE HIGH SCHOOL	San Jose	Santa Clara	Public	UCLA	32	5	4	15.62	5	6	0	0	0	0.0	0	0	0	0.0	7	0	0	0.0	0	0	0	0.0	21	5	4	23.81	0	0	0	0.0	0	0	0	0.0	0	0	0	0.0
LIVERMORE HIGH SCHOOL	Livermore	Alameda	Public	UCLA	58	8	4	13.79	6	7	0	0	0	0.0	0	0	0	0.0	5	0	0	0.0	0	0	0	0.0	30	7	4	23.33	14	0	0	0.0	0	0	0	0.0	0	0	0	0.0
CALIFORNIA CROSSPOINT HIGH SCHOOL	Hayward	Alameda	Private	UCLA	38	5	5	13.16	2	8	0	0	0	0.0	0	0	0	0.0	0	0	0	0.0	0	0	0	0.0	22	4	4	18.18	0	0	0	0.0	0	0	0	0.0	10	0	0	0.0
HARKER SCHOOL	San Jose	Santa Clara	Private	UCLA	177	23	4	12.99	3	9	0	0	0	0.0	0	0	0	0.0	5	0	0	0.0	0	0	0	0.0	119	13	0	10.92	18	3	0	16.67	32	7	0	21.88	0	0	0	0.0
YERBA BUENA HIGH SCHOOL	San Jose	Santa Clara	Public	UCLA	54	7	4	12.96	7	10	0	0	0	0.0	0	0	0	0.0	5	0	0	0.0	0	0	0	0.0	48	6	4	12.5	0	0	0	0.0	0	0	0	0.0	0	0	0	0.0
IMPACT ACAD ARTS/TECHNOLOGY	Hayward	Alameda	Public	UCLA	31	4	0	12.9	8	11	0	0	0	0.0	0	0	0	0.0	19	0	0	0.0	0	0	0	0.0	9	0	0	0.0	0	0	0	0.0	0	0	0	0.0	0	0	0	0.0
PINEWOOD SCHOOL	Los Altos Hills	Santa Clara	Private	UCLA	24	3	0	12.5	100	100	0	0	0	0.0	0	0	0	0.0	0	0	0	0.0	0	0	0	0.0	17	3	0	17.65	0	0	0	0.0	0	0	0	0.0	0	0	0	0.0
COLLEGE PREPARATORY SCHOOL	Oakland	Alameda	Private	UCLA	73	9	0	12.33	4	12	8	0	0	0.0	0	0	0	0.0	0	0	0	0.0	0	0	0	0.0	37	6	0	16.22	20	0	0	0.0	5	0	0	0.0	0	0	0	0.0
LIVE OAK HIGH SCHOOL	Morgan Hill	Santa Clara	Public	UCLA	25	3	0	12.0	100	100	0	0	0	0.0	0	0	0	0.0	7	0	0	0.0	0	0	0	0.0	7	0	0	0.0	6	0	0	0.0	0	0	0	0.0	0	0	0	0.0
CASTILLEJA SCHOOL	Palo Alto	Santa Clara	Private	UCLA	42	5	0	11.9	5	13	0	0	0	0.0	0	0	0	0.0	6	0	0	0.0	0	0	0	0.0	21	0	0	0.0	9	0	0	0.0	0	0	0	0.0	0	0	0	0.0
ABRAHAM LINCOLN HIGH SCHOOL	San Jose	Santa Clara	Public	UCLA	64	7	5	10.94	9	14	5	0	0	0.0	0	0	0	0.0	30	0	0	0.0	0	0	0	0.0	15	4	4	26.67	13	0	0	0.0	0	0	0	0.0	0	0	0	0.0
SAINT JOSEPH-NOTRE DAME HS	Alameda	Alameda	Private	UCLA	46	5	3	10.87	6	15	8	0	0	0.0	0	0	0	0.0	12	0	0	0.0	0	0	0	0.0	17	3	3	17.65	5	0	0	0.0	0	0	0	0.0	0	0	0	0.0
BASIS INDEPENDENT FREMONT UPPER SCH	Fremont	Alameda	Private	UCLA	37	4	0	10.81	7	16	0	0	0	0.0	0	0	0	0.0	0	0	0	0.0	0	0	0	0.0	31	4	0	12.9	0	0	0	0.0	0	0	0	0.0	0	0	0	0.0
ENCINAL HIGH SCHOOL	Alameda	Alameda	Public	UCLA	65	7	5	10.77	10	17	6	0	0	0.0	0	0	0	0.0	8	0	0	0.0	0	0	0	0.0	40	4	3	10.0	10	0	0	0.0	0	0	0	0.0	0	0	0	0.0
GILROY HIGH SCHOOL	Gilroy	Santa Clara	Public	UCLA	28	3	3	10.71	100	100	0	0	0	0.0	0	0	0	0.0	20	3	3	15.0	0	0	0	0.0	0	0	0	0.0	0	0	0	0.0	0	0	0	0.0	0	0	0	0.0
UNIVERSITY PREP ACADEMY	San Jose	Santa Clara	Public	UCLA	56	6	4	10.71	11	18	13	0	0	0.0	0	0	0	0.0	6	0	0	0.0	0	0	0	0.0	30	5	3	16.67	0	0	0	0.0	0	0	0	0.0	0	0	0	0.0
KIPP SAN JOSE COLLEGIATE	San Jose	Santa Clara	Public	UCLA	47	5	3	10.64	12	19	0	0	0	0.0	0	0	0	0.0	16	0	0	0.0	0	0	0	0.0	29	4	3	13.79	0	0	0	0.0	0	0	0	0.0	0	0	0	0.0
SANTA CLARA HIGH SCHOOL	Santa Clara	Santa Clara	Public	UCLA	104	11	8	10.58	13	20	7	0	0	0.0	0	0	0	0.0	12	0	0	0.0	0	0	0	0.0	66	10	7	15.15	13	0	0	0.0	5	0	0	0.0	0	0	0	0.0
SAINT FRANCIS HIGH SCHOOL	Mountain View	Santa Clara	Private	UCLA	209	22	13	10.53	8	21	0	0	0	0.0	0	0	0	0.0	16	0	0	0.0	0	0	0	0.0	137	16	9	11.68	27	0	0	0.0	22	4	3	18.18	0	0	0	0.0
CUPERTINO HIGH SCHOOL	Cupertino	Santa Clara	Public	UCLA	304	32	15	10.53	14	21	0	0	0	0.0	0	0	0	0.0	8	0	0	0.0	0	0	0	0.0	225	26	12	11.56	18	0	0	0.0	30	4	0	13.33	20	0	0	0.0
SAINT MARY'S COLLEGE HIGH SCHO	Berkeley	Alameda	Private	UCLA	77	8	7	10.39	9	23	14	3	3	21.43	0	0	0	0.0	15	0	0	0.0	0	0	0	0.0	20	0	0	0.0	26	3	0	11.54	0	0	0	0.0	0	0	0	0.0
LEADERSHIP PUBLIC SCH HAYWARD	Hayward	Alameda	Public	UCLA	29	3	0	10.34	100	100	0	0	0	0.0	0	0	0	0.0	10	0	0	0.0	0	0	0	0.0	15	0	0	0.0	0	0	0	0.0	0	0	0	0.0	0	0	0	0.0
MOREAU CATHOLIC HIGH SCHOOL	Hayward	Alameda	Private	UCLA	97	10	8	10.31	10	24	9	0	0	0.0	0	0	0	0.0	15	0	0	0.0	0	0	0	0.0	63	9	7	14.29	5	0	0	0.0	0	0	0	0.0	0	0	0	0.0
HAYWARD HIGH SCHOOL	Hayward	Alameda	Public	UCLA	39	4	3	10.26	15	25	0	0	0	0.0	0	0	0	0.0	22	0	0	0.0	0	0	0	0.0	14	0	0	0.0	0	0	0	0.0	0	0	0	0.0	0	0	0	0.0
THE KINGS ACADEMY	Sunnyvale	Santa Clara	Private	UCLA	88	9	4	10.23	11	26	0	0	0	0.0	0	0	0	0.0	0	0	0	0.0	0	0	0	0.0	63	6	0	9.52	6	0	0	0.0	11	0	0	0.0	0	0	0	0.0
CHRISTOPHER HIGH SCHOOL	Gilroy	Santa Clara	Public	UCLA	60	6	4	10.0	16	27	11	0	0	0.0	0	0	0	0.0	23	0	0	0.0	0	0	0	0.0	12	0	0	0.0	11	0	0	0.0	0	0	0	0.0	0	0	0	0.0
BISHOP ODOWD HIGH SCHOOL	Oakland	Alameda	Private	UCLA	205	20	15	9.76	12	28	52	4	0	7.69	0	0	0	0.0	35	4	3	11.43	0	0	0	0.0	44	3	3	6.82	68	7	5	10.29	0	0	0	0.0	0	0	0	0.0
QUARRY LANE SCHOOL	Dublin	Alameda	Private	UCLA	72	7	3	9.72	13	29	0	0	0	0.0	0	0	0	0.0	0	0	0	0.0	0	0	0	0.0	47	5	0	10.64	0	0	0	0.0	11	0	0	0.0	9	0	0	0.0
DR TJ OWENS GILROY EARLY COLG	Gilroy	Santa Clara	Public	UCLA	31	3	0	9.68	100	100	0	0	0	0.0	0	0	0	0.0	13	0	0	0.0	0	0	0	0.0	13	0	0	0.0	0	0	0	0.0	0	0	0	0.0	0	0	0	0.0
ARROYO HIGH SCHOOL	San Lorenzo	Alameda	Public	UCLA	84	8	3	9.52	17	30	0	0	0	0.0	0	0	0	0.0	14	0	0	0.0	0	0	0	0.0	66	5	3	7.58	0	0	0	0.0	0	0	0	0.0	0	0	0	0.0
JOHN F KENNEDY HIGH SCHOOL	Fremont	Alameda	Public	UCLA	63	6	4	9.52	17	30	0	0	0	0.0	0	0	0	0.0	0	0	0	0.0	0	0	0	0.0	46	5	3	10.87	5	0	0	0.0	0	0	0	0.0	0	0	0	0.0
NEWARK MEMORIAL HIGH SCHOOL	Newark	Alameda	Public	UCLA	63	6	5	9.52	17	30	6	0	0	0.0	0	0	0	0.0	17	0	0	0.0	0	0	0	0.0	31	4	4	12.9	8	0	0	0.0	0	0	0	0.0	0	0	0	0.0
PROSPECT HIGH SCHOOL	Saratoga	Santa Clara	Public	UCLA	84	8	0	9.52	17	30	5	0	0	0.0	0	0	0	0.0	6	0	0	0.0	0	0	0	0.0	57	6	0	10.53	14	0	0	0.0	0	0	0	0.0	0	0	0	0.0
ANN SOBRATO HIGH SCHOOL	Morgan Hill	Santa Clara	Public	UCLA	74	7	4	9.46	21	34	0	0	0	0.0	0	0	0	0.0	12	0	0	0.0	0	0	0	0.0	40	4	0	10.0	15	0	0	0.0	0	0	0	0.0	0	0	0	0.0
OAKLAND HIGH SCHOOL	Oakland	Alameda	Public	UCLA	74	7	3	9.46	21	34	21	0	0	0.0	0	0	0	0.0	16	0	0	0.0	0	0	0	0.0	34	4	0	11.76	0	0	0	0.0	0	0	0	0.0	0	0	0	0.0
WILLOW GLEN HIGH SCHOOL	San Jose	Santa Clara	Public	UCLA	74	7	3	9.46	21	34	0	0	0	0.0	0	0	0	0.0	25	0	0	0.0	0	0	0	0.0	19	0	0	0.0	26	3	0	11.54	0	0	0	0.0	0	0	0	0.0
LOS ALTOS HIGH SCHOOL	Los Altos	Santa Clara	Public	UCLA	254	24	11	9.45	24	37	5	0	0	0.0	0	0	0	0.0	24	0	0	0.0	0	0	0	0.0	133	18	7	13.53	66	0	0	0.0	17	0	0	0.0	6	0	0	0.0
BELLARMINE COLLEGE PREPARATORY	San Jose	Santa Clara	Private	UCLA	160	15	7	9.38	14	38	6	0	0	0.0	0	0	0	0.0	31	0	0	0.0	0	0	0	0.0	80	11	4	13.75	29	3	0	10.34	13	0	0	0.0	0	0	0	0.0
HENRY M GUNN SENIOR HIGH SCHL	Palo Alto	Santa Clara	Public	UCLA	309	28	11	9.06	25	39	7	0	0	0.0	0	0	0	0.0	20	0	0	0.0	0	0	0	0.0	182	22	8	12.09	57	0	0	0.0	34	3	0	8.82	6	0	0	0.0
LELAND HIGH SCHOOL	San Jose	Santa Clara	Public	UCLA	199	18	13	9.05	26	40	0	0	0	0.0	0	0	0	0.0	9	0	0	0.0	0	0	0	0.0	135	13	10	9.63	32	0	0	0.0	18	4	0	22.22	0	0	0	0.0
LOS GATOS HIGH SCHOOL	Los Gatos	Santa Clara	Public	UCLA	210	19	10	9.05	26	40	0	0	0	0.0	0	0	0	0.0	17	0	0	0.0	0	0	0	0.0	80	8	5	10.0	92	8	4	8.7	19	0	0	0.0	0	0	0	0.0
MISSION SAN JOSE HIGH SCHOOL	Fremont	Alameda	Public	UCLA	378	34	17	8.99	28	42	0	0	0	0.0	0	0	0	0.0	5	0	0	0.0	0	0	0	0.0	300	24	12	8.0	5	0	0	0.0	52	10	5	19.23	12	0	0	0.0
KIPP KING COLLEGIATE HIGH SCH	San Lorenzo	Alameda	Public	UCLA	67	6	0	8.96	29	43	8	0	0	0.0	0	0	0	0.0	21	0	0	0.0	0	0	0	0.0	36	5	0	13.89	0	0	0	0.0	0	0	0	0.0	0	0	0	0.0
NOTRE DAME HIGH SCHOOL	San Jose	Santa Clara	Private	UCLA	90	8	4	8.89	15	44	0	0	0	0.0	0	0	0	0.0	14	0	0	0.0	0	0	0	0.0	51	6	4	11.76	18	0	0	0.0	0	0	0	0.0	0	0	0	0.0
SARATOGA HIGH SCHOOL	Saratoga	Santa Clara	Public	UCLA	203	18	9	8.87	30	45	0	0	0	0.0	0	0	0	0.0	8	0	0	0.0	0	0	0	0.0	150	14	6	9.33	17	0	0	0.0	22	3	0	13.64	0	0	0	0.0
HENRY T GUNDERSON HIGH SCHOOL	San Jose	Santa Clara	Public	UCLA	34	3	0	8.82	100	100	0	0	0	0.0	0	0	0	0.0	0	0	0	0.0	0	0	0	0.0	22	3	0	13.64	5	0	0	0.0	0	0	0	0.0	0	0	0	0.0
PIEDMONT HIGH SCHOOL	Piedmont	Alameda	Public	UCLA	102	9	5	8.82	31	46	5	0	0	0.0	0	0	0	0.0	11	0	0	0.0	0	0	0	0.0	28	0	0	0.0	50	5	4	10.0	8	0	0	0.0	0	0	0	0.0
HEAD-ROYCE SCHOOL THE	Oakland	Alameda	Private	UCLA	80	7	6	8.75	16	47	9	0	0	0.0	0	0	0	0.0	6	0	0	0.0	0	0	0	0.0	38	6	5	15.79	23	0	0	0.0	0	0	0	0.0	0	0	0	0.0
ALAMEDA HIGH SCHOOL	Alameda	Alameda	Public	UCLA	160	14	9	8.75	32	47	8	0	0	0.0	0	0	0	0.0	19	3	0	15.79	0	0	0	0.0	79	5	3	6.33	49	4	3	8.16	0	0	0	0.0	0	0	0	0.0
ARCHBISHOP MITTY HIGH SCHOOL	San Jose	Santa Clara	Private	UCLA	219	19	11	8.68	17	49	10	0	0	0.0	0	0	0	0.0	26	0	0	0.0	0	0	0	0.0	117	12	7	10.26	37	0	0	0.0	26	3	0	11.54	0	0	0	0.0
WESTMONT HIGH SCHOOL	Campbell	Santa Clara	Public	UCLA	93	8	5	8.6	33	50	0	0	0	0.0	0	0	0	0.0	10	0	0	0.0	0	0	0	0.0	55	6	3	10.91	17	0	0	0.0	6	0	0	0.0	0	0	0	0.0
MOUNTAIN VIEW HIGH SCHOOL	Mountain View	Santa Clara	Public	UCLA	257	22	10	8.56	34	51	0	0	0	0.0	0	0	0	0.0	26	0	0	0.0	0	0	0	0.0	128	9	5	7.03	79	7	3	8.86	13	3	0	23.08	0	0	0	0.0
PALO ALTO SENIOR HIGH SCHOOL	Palo Alto	Santa Clara	Public	UCLA	281	24	9	8.54	35	52	0	0	0	0.0	0	0	0	0.0	24	0	0	0.0	0	0	0	0.0	142	12	5	8.45	76	4	0	5.26	31	6	0	19.35	6	0	0	0.0
AMADOR VALLEY HIGH SCHOOL	Pleasanton	Alameda	Public	UCLA	306	26	11	8.5	36	53	0	0	0	0.0	0	0	0	0.0	10	0	0	0.0	0	0	0	0.0	207	16	7	7.73	34	0	0	0.0	40	9	3	22.5	12	0	0	0.0
PRESENTATION HIGH SCHOOL	San Jose	Santa Clara	Private	UCLA	60	5	3	8.33	18	54	0	0	0	0.0	0	0	0	0.0	9	0	0	0.0	0	0	0	0.0	35	5	3	14.29	9	0	0	0.0	0	0	0	0.0	0	0	0	0.0
AMERICAN HIGH SCHOOL	Fremont	Alameda	Public	UCLA	302	25	14	8.28	37	55	0	0	0	0.0	0	0	0	0.0	8	0	0	0.0	0	0	0	0.0	235	20	13	8.51	7	0	0	0.0	24	4	0	16.67	23	0	0	0.0
BERKELEY HIGH SCHOOL	Berkeley	Alameda	Public	UCLA	387	32	22	8.27	38	56	53	0	0	0.0	0	0	0	0.0	59	3	0	5.08	0	0	0	0.0	76	7	5	9.21	186	20	14	10.75	9	0	0	0.0	0	0	0	0.0
MONTA VISTA HIGH SCHOOL	Cupertino	Santa Clara	Public	UCLA	306	25	10	8.17	39	57	0	0	0	0.0	0	0	0	0.0	0	0	0	0.0	0	0	0	0.0	226	18	7	7.96	18	3	0	16.67	36	4	0	11.11	21	0	0	0.0
FOOTHILL HIGH SCHOOL	Pleasanton	Alameda	Public	UCLA	261	21	15	8.05	40	58	6	0	0	0.0	0	0	0	0.0	14	0	0	0.0	0	0	0	0.0	172	12	11	6.98	36	4	0	11.11	21	3	0	14.29	12	0	0	0.0
HOMESTEAD HIGH SCHOOL	Cupertino	Santa Clara	Public	UCLA	298	24	12	8.05	40	58	0	0	0	0.0	0	0	0	0.0	21	0	0	0.0	0	0	0	0.0	185	18	7	9.73	47	0	0	0.0	33	5	4	15.15	10	0	0	0.0
JAMES LOGAN HIGH SCHOOL	Union City	Alameda	Public	UCLA	162	13	5	8.02	42	60	6	0	0	0.0	0	0	0	0.0	18	0	0	0.0	0	0	0	0.0	119	10	3	8.4	10	0	0	0.0	8	0	0	0.0	0	0	0	0.0
INDEPENDENCE HIGH SCHOOL	San Jose	Santa Clara	Public	UCLA	89	7	4	7.87	43	61	0	0	0	0.0	0	0	0	0.0	7	0	0	0.0	0	0	0	0.0	77	6	3	7.79	0	0	0	0.0	0	0	0	0.0	0	0	0	0.0
MILPITAS HIGH SCHOOL	Milpitas	Santa Clara	Public	UCLA	254	20	12	7.87	43	61	5	0	0	0.0	0	0	0	0.0	10	0	0	0.0	0	0	0	0.0	208	18	11	8.65	10	0	0	0.0	8	0	0	0.0	12	0	0	0.0
EVERGREEN VALLEY HIGH SCHOOL	San Jose	Santa Clara	Public	UCLA	347	27	14	7.78	45	63	0	0	0	0.0	0	0	0	0.0	8	0	0	0.0	0	0	0	0.0	300	22	10	7.33	0	0	0	0.0	22	5	4	22.73	10	0	0	0.0
DUBLIN HIGH SCHOOL	Dublin	Alameda	Public	UCLA	464	36	21	7.76	46	64	7	0	0	0.0	0	0	0	0.0	8	0	0	0.0	0	0	0	0.0	375	31	18	8.27	26	0	0	0.0	29	4	0	13.79	17	0	0	0.0
PIONEER HIGH SCHOOL	San Jose	Santa Clara	Public	UCLA	78	6	6	7.69	47	65	0	0	0	0.0	0	0	0	0.0	16	0	0	0.0	0	0	0	0.0	25	0	0	0.0	33	4	4	12.12	0	0	0	0.0	0	0	0	0.0
OAKLAND TECHNICAL HIGH SCHOOL	Oakland	Alameda	Public	UCLA	157	12	5	7.64	48	66	36	0	0	0.0	0	0	0	0.0	15	0	0	0.0	0	0	0	0.0	58	6	0	10.34	44	4	3	9.09	0	0	0	0.0	0	0	0	0.0
GRANADA HIGH SCHOOL	Livermore	Alameda	Public	UCLA	122	9	7	7.38	49	67	0	0	0	0.0	0	0	0	0.0	16	0	0	0.0	0	0	0	0.0	44	5	4	11.36	48	0	0	0.0	0	0	0	0.0	6	0	0	0.0
ALBANY HIGH SCHOOL	Albany	Alameda	Public	UCLA	138	10	3	7.25	50	68	0	0	0	0.0	0	0	0	0.0	15	0	0	0.0	0	0	0	0.0	71	5	0	7.04	43	3	0	6.98	5	0	0	0.0	0	0	0	0.0
IRVINGTON HIGH SCHOOL	Fremont	Alameda	Public	UCLA	335	24	13	7.16	51	69	0	0	0	0.0	0	0	0	0.0	6	0	0	0.0	0	0	0	0.0	274	20	11	7.3	5	0	0	0.0	30	4	0	13.33	20	0	0	0.0
BRANHAM HIGH SCHOOL	San Jose	Santa Clara	Public	UCLA	154	11	4	7.14	52	70	0	0	0	0.0	0	0	0	0.0	15	0	0	0.0	0	0	0	0.0	78	8	3	10.26	48	0	0	0.0	8	0	0	0.0	0	0	0	0.0
SILVER CREEK HIGH SCHOOL	San Jose	Santa Clara	Public	UCLA	129	9	6	6.98	53	71	0	0	0	0.0	0	0	0	0.0	0	0	0	0.0	0	0	0	0.0	116	9	6	7.76	0	0	0	0.0	0	0	0	0.0	0	0	0	0.0
SUMMIT PUBLIC SCHOOL-TAHOMA	San Jose	Santa Clara	Public	UCLA	44	3	3	6.82	100	100	0	0	0	0.0	0	0	0	0.0	5	0	0	0.0	0	0	0	0.0	27	0	0	0.0	8	0	0	0.0	0	0	0	0.0	0	0	0	0.0
WASHINGTON HIGH SCHOOL	Fremont	Alameda	Public	UCLA	134	9	5	6.72	54	72	0	0	0	0.0	0	0	0	0.0	0	0	0	0.0	0	0	0	0.0	100	8	4	8.0	12	0	0	0.0	6	0	0	0.0	10	0	0	0.0
MOUNT EDEN HIGH SCHOOL	Hayward	Alameda	Public	UCLA	45	3	0	6.67	100	100	5	0	0	0.0	0	0	0	0.0	14	0	0	0.0	0	0	0	0.0	25	0	0	0.0	0	0	0	0.0	0	0	0	0.0	0	0	0	0.0
LEIGH HIGH SCHOOL	San Jose	Santa Clara	Public	UCLA	144	9	4	6.25	55	73	6	0	0	0.0	0	0	0	0.0	8	0	0	0.0	0	0	0	0.0	86	6	0	6.98	37	0	0	0.0	0	0	0	0.0	0	0	0	0.0
PIEDMONT HILLS HIGH SCHOOL	San Jose	Santa Clara	Public	UCLA	132	8	4	6.06	56	74	0	0	0	0.0	0	0	0	0.0	7	0	0	0.0	0	0	0	0.0	113	8	4	7.08	0	0	0	0.0	7	0	0	0.0	0	0	0	0.0
ADRIAN C WILCOX HIGH SCHOOL	Santa Clara	Santa Clara	Public	UCLA	133	8	3	6.02	57	75	0	0	0	0.0	0	0	0	0.0	13	0	0	0.0	0	0	0	0.0	100	7	3	7.0	8	0	0	0.0	6	0	0	0.0	0	0	0	0.0
LYNBROOK HIGH SCHOOL	San Jose	Santa Clara	Public	UCLA	337	19	8	5.64	58	76	0	0	0	0.0	0	0	0	0.0	0	0	0	0.0	0	0	0	0.0	256	16	8	6.25	11	0	0	0.0	55	3	0	5.45	10	0	0	0.0
SAN LEANDRO HIGH SCHOOL	San Leandro	Alameda	Public	UCLA	85	4	3	4.71	59	77	17	0	0	0.0	0	0	0	0.0	21	0	0	0.0	0	0	0	0.0	44	4	3	9.09	0	0	0	0.0	0	0	0	0.0	0	0	0	0.0
CASTRO VALLEY HIGH SCHOOL	Castro Valley	Alameda	Public	UCLA	220	10	5	4.55	60	78	12	0	0	0.0	0	0	0	0.0	31	0	0	0.0	0	0	0	0.0	129	6	3	4.65	36	3	0	8.33	11	0	0	0.0	0	0	0	0.0
ALSION MONTESSORI MIDDLE/HIGH	Fremont	Alameda	Private	UCLA	10	0	0	0.0	100	100	0	0	0	0.0	0	0	0	0.0	0	0	0	0.0	0	0	0	0.0	8	0	0	0.0	0	0	0	0.0	0	0	0	0.0	0	0	0	0.0
AVERROES HIGH SCHOOL	Fremont	Alameda	Private	UCLA	7	0	0	0.0	100	100	0	0	0	0.0	0	0	0	0.0	0	0	0	0.0	0	0	0	0.0	0	0	0	0.0	0	0	0	0.0	0	0	0	0.0	0	0	0	0.0
CRISTO REY SAN JOSE JESUIT HS	San Jose	Santa Clara	Private	UCLA	26	0	0	0.0	100	100	0	0	0	0.0	0	0	0	0.0	24	0	0	0.0	0	0	0	0.0	0	0	0	0.0	0	0	0	0.0	0	0	0	0.0	0	0	0	0.0
FREMONT CHRISTIAN HIGH SCHOOL	Fremont	Alameda	Private	UCLA	19	0	0	0.0	100	100	0	0	0	0.0	0	0	0	0.0	0	0	0	0.0	0	0	0	0.0	12	0	0	0.0	0	0	0	0.0	0	0	0	0.0	0	0	0	0.0
FUSION ACADEMY-LOS GATOS	Los Gatos	Santa Clara	Private	UCLA	6	0	0	0.0	100	100	0	0	0	0.0	0	0	0	0.0	0	0	0	0.0	0	0	0	0.0	0	0	0	0.0	0	0	0	0.0	0	0	0	0.0	0	0	0	0.0
GERMAN INTL SCH SILICON VLLY	Mountain View	Santa Clara	Private	UCLA	13	0	0	0.0	100	100	0	0	0	0.0	0	0	0	0.0	0	0	0	0.0	0	0	0	0.0	0	0	0	0.0	7	0	0	0.0	0	0	0	0.0	0	0	0	0.0
HOLY NAMES HIGH SCHOOL	Oakland	Alameda	Private	UCLA	11	0	0	0.0	100	100	0	0	0	0.0	0	0	0	0.0	5	0	0	0.0	0	0	0	0.0	0	0	0	0.0	0	0	0	0.0	0	0	0	0.0	0	0	0	0.0
KHAN LAB SCHOOL	Mountain View	Santa Clara	Private	UCLA	14	0	0	0.0	100	100	0	0	0	0.0	0	0	0	0.0	0	0	0	0.0	0	0	0	0.0	10	0	0	0.0	0	0	0	0.0	0	0	0	0.0	0	0	0	0.0
MAYBECK HIGH SCHOOL	Berkeley	Alameda	Private	UCLA	7	0	0	0.0	100	100	0	0	0	0.0	0	0	0	0.0	0	0	0	0.0	0	0	0	0.0	0	0	0	0.0	0	0	0	0.0	0	0	0	0.0	0	0	0	0.0
MOUNTAIN VIEW ACADEMY	Mountain View	Santa Clara	Private	UCLA	5	0	0	0.0	100	100	0	0	0	0.0	0	0	0	0.0	0	0	0	0.0	0	0	0	0.0	0	0	0	0.0	0	0	0	0.0	0	0	0	0.0	0	0	0	0.0
OAKWOOD SCHOOL	Morgan Hill	Santa Clara	Private	UCLA	17	0	0	0.0	100	100	0	0	0	0.0	0	0	0	0.0	0	0	0	0.0	0	0	0	0.0	8	0	0	0.0	0	0	0	0.0	0	0	0	0.0	0	0	0	0.0
RISE ACADEMY	San Jose	Santa Clara	Private	UCLA	8	0	0	0.0	100	100	0	0	0	0.0	0	0	0	0.0	0	0	0	0.0	0	0	0	0.0	5	0	0	0.0	0	0	0	0.0	0	0	0	0.0	0	0	0	0.0
VALLEY CHRISTIAN HIGH SCHOOL	Dublin	Alameda	Private	UCLA	11	0	0	0.0	100	100	0	0	0	0.0	0	0	0	0.0	0	0	0	0.0	0	0	0	0.0	6	0	0	0.0	0	0	0	0.0	0	0	0	0.0	0	0	0	0.0
ACE CHARTER HIGH SCHOOL	San Jose	Santa Clara	Public	UCLA	5	0	0	0.0	100	100	0	0	0	0.0	0	0	0	0.0	0	0	0	0.0	0	0	0	0.0	0	0	0	0.0	0	0	0	0.0	0	0	0	0.0	0	0	0	0.0
AIMS COLLEGE PREP HIGH SCHOOL	Oakland	Alameda	Public	UCLA	50	0	0	0.0	100	100	15	0	0	0.0	0	0	0	0.0	7	0	0	0.0	0	0	0	0.0	27	0	0	0.0	0	0	0	0.0	0	0	0	0.0	0	0	0	0.0
ALAMEDA COMMUNITY LEARNING CTR	Alameda	Alameda	Public	UCLA	8	0	0	0.0	100	100	0	0	0	0.0	0	0	0	0.0	0	0	0	0.0	0	0	0	0.0	5	0	0	0.0	0	0	0	0.0	0	0	0	0.0	0	0	0	0.0
ALPHA CINDY AVITIA HIGH SCHOOL	San Jose	Santa Clara	Public	UCLA	19	0	0	0.0	100	100	0	0	0	0.0	0	0	0	0.0	17	0	0	0.0	0	0	0	0.0	0	0	0	0.0	0	0	0	0.0	0	0	0	0.0	0	0	0	0.0
ALTERNATIVES IN ACTION HS	Oakland	Alameda	Public	UCLA	9	0	0	0.0	100	100	0	0	0	0.0	0	0	0	0.0	9	0	0	0.0	0	0	0	0.0	0	0	0	0.0	0	0	0	0.0	0	0	0	0.0	0	0	0	0.0
ANDREW P HILL HIGH SCHOOL	San Jose	Santa Clara	Public	UCLA	22	0	0	0.0	100	100	0	0	0	0.0	0	0	0	0.0	0	0	0	0.0	0	0	0	0.0	18	0	0	0.0	0	0	0	0.0	0	0	0	0.0	0	0	0	0.0
ARISE HIGH SCHOOL	Oakland	Alameda	Public	UCLA	27	0	0	0.0	100	100	0	0	0	0.0	0	0	0	0.0	26	0	0	0.0	0	0	0	0.0	0	0	0	0.0	0	0	0	0.0	0	0	0	0.0	0	0	0	0.0
ASPIRE GOLDEN STATE PREP ACADEMY	Oakland	Alameda	Public	UCLA	16	0	0	0.0	100	100	0	0	0	0.0	0	0	0	0.0	15	0	0	0.0	0	0	0	0.0	0	0	0	0.0	0	0	0	0.0	0	0	0	0.0	0	0	0	0.0
ASPIRE LIONEL WILSON COLG PREP	Oakland	Alameda	Public	UCLA	7	0	0	0.0	100	100	0	0	0	0.0	0	0	0	0.0	7	0	0	0.0	0	0	0	0.0	0	0	0	0.0	0	0	0	0.0	0	0	0	0.0	0	0	0	0.0
BAY AREA TECHNOLOGY-BAYTECH	Oakland	Alameda	Public	UCLA	6	0	0	0.0	100	100	0	0	0	0.0	0	0	0	0.0	5	0	0	0.0	0	0	0	0.0	0	0	0	0.0	0	0	0	0.0	0	0	0	0.0	0	0	0	0.0
CASTLEMONT HIGH SCHOOL	Oakland	Alameda	Public	UCLA	5	0	0	0.0	100	100	0	0	0	0.0	0	0	0	0.0	0	0	0	0.0	0	0	0	0.0	0	0	0	0.0	0	0	0	0.0	0	0	0	0.0	0	0	0	0.0
CIRCLE OF INDEPENDENT LEARNING	Fremont	Alameda	Public	UCLA	5	0	0	0.0	100	100	0	0	0	0.0	0	0	0	0.0	0	0	0	0.0	0	0	0	0.0	0	0	0	0.0	0	0	0	0.0	0	0	0	0.0	0	0	0	0.0
DEL MAR HIGH SCHOOL	San Jose	Santa Clara	Public	UCLA	30	0	0	0.0	100	100	7	0	0	0.0	0	0	0	0.0	5	0	0	0.0	0	0	0	0.0	14	0	0	0.0	0	0	0	0.0	0	0	0	0.0	0	0	0	0.0
DOWNTOWN COLG PREP EL PRIMERO	San Jose	Santa Clara	Public	UCLA	9	0	0	0.0	100	100	0	0	0	0.0	0	0	0	0.0	9	0	0	0.0	0	0	0	0.0	0	0	0	0.0	0	0	0	0.0	0	0	0	0.0	0	0	0	0.0
EAST BAY INNOVATION ACADEMY	Oakland	Alameda	Public	UCLA	9	0	0	0.0	100	100	5	0	0	0.0	0	0	0	0.0	0	0	0	0.0	0	0	0	0.0	0	0	0	0.0	0	0	0	0.0	0	0	0	0.0	0	0	0	0.0
EMERY SECONDARY SCHOOL	Emeryville	Alameda	Public	UCLA	6	0	0	0.0	100	100	0	0	0	0.0	0	0	0	0.0	0	0	0	0.0	0	0	0	0.0	0	0	0	0.0	0	0	0	0.0	0	0	0	0.0	0	0	0	0.0
HAYWARD TWIN OAKS MONTESSORI	Hayward	Alameda	Public	UCLA	11	0	0	0.0	100	100	0	0	0	0.0	0	0	0	0.0	5	0	0	0.0	0	0	0	0.0	0	0	0	0.0	0	0	0	0.0	0	0	0	0.0	0	0	0	0.0
JAMES LICK HIGH SCHOOL	San Jose	Santa Clara	Public	UCLA	7	0	0	0.0	100	100	0	0	0	0.0	0	0	0	0.0	0	0	0	0.0	0	0	0	0.0	0	0	0	0.0	0	0	0	0.0	0	0	0	0.0	0	0	0	0.0
KIPP NAVIGATE COLLEGE PREP	San Jose	Santa Clara	Public	UCLA	12	0	0	0.0	100	100	0	0	0	0.0	0	0	0	0.0	5	0	0	0.0	0	0	0	0.0	7	0	0	0.0	0	0	0	0.0	0	0	0	0.0	0	0	0	0.0
LATINO COLLEGE PREP ACADEMY	San Jose	Santa Clara	Public	UCLA	22	0	0	0.0	100	100	0	0	0	0.0	0	0	0	0.0	22	0	0	0.0	0	0	0	0.0	0	0	0	0.0	0	0	0	0.0	0	0	0	0.0	0	0	0	0.0
LATITUDE 37.8 HS MERRITT COLLEGE	Oakland	Alameda	Public	UCLA	9	0	0	0.0	100	100	0	0	0	0.0	0	0	0	0.0	7	0	0	0.0	0	0	0	0.0	0	0	0	0.0	0	0	0	0.0	0	0	0	0.0	0	0	0	0.0
LIFE ACADEMY HIGH SCHOOL	Oakland	Alameda	Public	UCLA	10	0	0	0.0	100	100	0	0	0	0.0	0	0	0	0.0	9	0	0	0.0	0	0	0	0.0	0	0	0	0.0	0	0	0	0.0	0	0	0	0.0	0	0	0	0.0
LIGHTHOUSE COMMUNITY CHAR HS	Oakland	Alameda	Public	UCLA	10	0	0	0.0	100	100	0	0	0	0.0	0	0	0	0.0	9	0	0	0.0	0	0	0	0.0	0	0	0	0.0	0	0	0	0.0	0	0	0	0.0	0	0	0	0.0
LPS OAKLAND R&D CAMPUS	Oakland	Alameda	Public	UCLA	5	0	0	0.0	100	100	0	0	0	0.0	0	0	0	0.0	5	0	0	0.0	0	0	0	0.0	0	0	0	0.0	0	0	0	0.0	0	0	0	0.0	0	0	0	0.0
LUIS VALDEZ LEADERSHIP ACADEMY	San Jose	Santa Clara	Public	UCLA	8	0	0	0.0	100	100	0	0	0	0.0	0	0	0	0.0	8	0	0	0.0	0	0	0	0.0	0	0	0	0.0	0	0	0	0.0	0	0	0	0.0	0	0	0	0.0
MADISON PARK ACADEMY	Oakland	Alameda	Public	UCLA	12	0	0	0.0	100	100	0	0	0	0.0	0	0	0	0.0	11	0	0	0.0	0	0	0	0.0	0	0	0	0.0	0	0	0	0.0	0	0	0	0.0	0	0	0	0.0
MCCLYMONDS HIGH SCHOOL	Oakland	Alameda	Public	UCLA	19	0	0	0.0	100	100	17	0	0	0.0	0	0	0	0.0	0	0	0	0.0	0	0	0	0.0	0	0	0	0.0	0	0	0	0.0	0	0	0	0.0	0	0	0	0.0
METWEST HIGH SCHOOL	Oakland	Alameda	Public	UCLA	15	0	0	0.0	100	100	0	0	0	0.0	0	0	0	0.0	9	0	0	0.0	0	0	0	0.0	0	0	0	0.0	0	0	0	0.0	0	0	0	0.0	0	0	0	0.0
MILPITAS MIDDLE COLLEGE HS	Milpitas	Santa Clara	Public	UCLA	12	0	0	0.0	100	100	0	0	0	0.0	0	0	0	0.0	0	0	0	0.0	0	0	0	0.0	10	0	0	0.0	0	0	0	0.0	0	0	0	0.0	0	0	0	0.0
MISSION EARLY COLLEGE HIGH SCH	Santa Clara	Santa Clara	Public	UCLA	18	0	0	0.0	100	100	5	0	0	0.0	0	0	0	0.0	0	0	0	0.0	0	0	0	0.0	8	0	0	0.0	0	0	0	0.0	0	0	0	0.0	0	0	0	0.0
MOUNT PLEASANT HIGH SCHOOL	San Jose	Santa Clara	Public	UCLA	13	0	0	0.0	100	100	0	0	0	0.0	0	0	0	0.0	8	0	0	0.0	0	0	0	0.0	5	0	0	0.0	0	0	0	0.0	0	0	0	0.0	0	0	0	0.0
NEA COMMUNITY LEARNING CENTER	Alameda	Alameda	Public	UCLA	5	0	0	0.0	100	100	0	0	0	0.0	0	0	0	0.0	0	0	0	0.0	0	0	0	0.0	0	0	0	0.0	0	0	0	0.0	0	0	0	0.0	0	0	0	0.0
OAKLAND INTERNATIONAL HIGH SCH	Oakland	Alameda	Public	UCLA	9	0	0	0.0	100	100	0	0	0	0.0	0	0	0	0.0	0	0	0	0.0	0	0	0	0.0	0	0	0	0.0	0	0	0	0.0	0	0	0	0.0	0	0	0	0.0
OAKLAND MILITARY INST COL PREP	Oakland	Alameda	Public	UCLA	12	0	0	0.0	100	100	0	0	0	0.0	0	0	0	0.0	0	0	0	0.0	0	0	0	0.0	6	0	0	0.0	0	0	0	0.0	0	0	0	0.0	0	0	0	0.0
OAKLAND UNITY HIGH SCHOOL	Oakland	Alameda	Public	UCLA	6	0	0	0.0	100	100	0	0	0	0.0	0	0	0	0.0	6	0	0	0.0	0	0	0	0.0	0	0	0	0.0	0	0	0	0.0	0	0	0	0.0	0	0	0	0.0
SAN LORENZO HIGH SCHOOL	San Lorenzo	Alameda	Public	UCLA	19	0	0	0.0	100	100	6	0	0	0.0	0	0	0	0.0	0	0	0	0.0	0	0	0	0.0	6	0	0	0.0	0	0	0	0.0	0	0	0	0.0	0	0	0	0.0
SANTA TERESA HIGH SCHOOL	San Jose	Santa Clara	Public	UCLA	113	0	0	0.0	100	100	0	0	0	0.0	0	0	0	0.0	17	0	0	0.0	0	0	0	0.0	71	0	0	0.0	16	0	0	0.0	0	0	0	0.0	0	0	0	0.0
SOJOURNER TRUTH ACADEMY	Oakland	Alameda	Public	UCLA	6	0	0	0.0	100	100	0	0	0	0.0	0	0	0	0.0	0	0	0	0.0	0	0	0	0.0	0	0	0	0.0	0	0	0	0.0	0	0	0	0.0	0	0	0	0.0
TENNYSON HIGH SCHOOL	Hayward	Alameda	Public	UCLA	16	0	0	0.0	100	100	0	0	0	0.0	0	0	0	0.0	8	0	0	0.0	0	0	0	0.0	6	0	0	0.0	0	0	0	0.0	0	0	0	0.0	0	0	0	0.0
W C OVERFELT HIGH SCHOOL	San Jose	Santa Clara	Public	UCLA	26	0	0	0.0	100	100	0	0	0	0.0	0	0	0	0.0	21	0	0	0.0	0	0	0	0.0	0	0	0	0.0	0	0	0	0.0	0	0	0	0.0	0	0	0	0.0
MADISON PARK ACADEMY	Oakland	Alameda	Public	UCSD	5	4	0	80.0	100	100	0	0	0	0.0	0	0	0	0.0	5	4	0	80.0	0	0	0	0.0	0	0	0	0.0	0	0	0	0.0	0	0	0	0.0	0	0	0	0.0
KIPP SAN JOSE COLLEGIATE	San Jose	Santa Clara	Public	UCSD	39	25	5	64.1	1	1	0	0	0	0.0	0	0	0	0.0	7	0	0	0.0	0	0	0	0.0	31	23	5	74.19	0	0	0	0.0	0	0	0	0.0	0	0	0	0.0
SAN JOSE HIGH SCHOOL	San Jose	Santa Clara	Public	UCSD	8	5	0	62.5	100	100	0	0	0	0.0	0	0	0	0.0	0	0	0	0.0	0	0	0	0.0	0	3	0	0.0	0	0	0	0.0	0	0	0	0.0	0	0	0	0.0
ENVISION ACAD ARTS/TECHNOLOGY	Oakland	Alameda	Public	UCSD	5	3	0	60.0	100	100	0	0	0	0.0	0	0	0	0.0	0	3	0	0.0	0	0	0	0.0	0	0	0	0.0	0	0	0	0.0	0	0	0	0.0	0	0	0	0.0
TENNYSON HIGH SCHOOL	Hayward	Alameda	Public	UCSD	12	7	0	58.33	100	100	0	0	0	0.0	0	0	0	0.0	7	4	0	57.14	0	0	0	0.0	0	3	0	0.0	0	0	0	0.0	0	0	0	0.0	0	0	0	0.0
LIFE ACADEMY HIGH SCHOOL	Oakland	Alameda	Public	UCSD	7	4	0	57.14	100	100	0	0	0	0.0	0	0	0	0.0	6	3	0	50.0	0	0	0	0.0	0	0	0	0.0	0	0	0	0.0	0	0	0	0.0	0	0	0	0.0
HAYWARD HIGH SCHOOL	Hayward	Alameda	Public	UCSD	40	21	7	52.5	2	2	0	0	0	0.0	0	0	0	0.0	21	11	0	52.38	0	0	0	0.0	13	10	5	76.92	0	0	0	0.0	0	0	0	0.0	0	0	0	0.0
SKYLINE HIGH SCHOOL	Oakland	Alameda	Public	UCSD	84	44	6	52.38	3	3	13	4	0	30.77	0	0	0	0.0	22	12	0	54.55	0	0	0	0.0	25	14	0	56.0	21	13	3	61.9	0	0	0	0.0	0	0	0	0.0
RISE ACADEMY	San Jose	Santa Clara	Private	UCSD	6	3	0	50.0	100	100	0	0	0	0.0	0	0	0	0.0	0	0	0	0.0	0	0	0	0.0	5	3	0	60.0	0	0	0	0.0	0	0	0	0.0	0	0	0	0.0
ALAMEDA SCIENCE & TECHLGY INST	Alameda	Alameda	Public	UCSD	18	9	0	50.0	100	100	0	0	0	0.0	0	0	0	0.0	0	0	0	0.0	0	0	0	0.0	14	8	0	57.14	0	0	0	0.0	0	0	0	0.0	0	0	0	0.0
LUIS VALDEZ LEADERSHIP ACADEMY	San Jose	Santa Clara	Public	UCSD	6	3	0	50.0	100	100	0	0	0	0.0	0	0	0	0.0	6	3	0	50.0	0	0	0	0.0	0	0	0	0.0	0	0	0	0.0	0	0	0	0.0	0	0	0	0.0
METWEST HIGH SCHOOL	Oakland	Alameda	Public	UCSD	12	6	0	50.0	100	100	0	0	0	0.0	0	0	0	0.0	8	4	0	50.0	0	0	0	0.0	0	0	0	0.0	0	0	0	0.0	0	0	0	0.0	0	0	0	0.0
CRISTO REY DE LA SALLE E BAY	Oakland	Alameda	Private	UCSD	17	8	4	47.06	100	100	0	0	0	0.0	0	0	0	0.0	13	7	4	53.85	0	0	0	0.0	0	0	0	0.0	0	0	0	0.0	0	0	0	0.0	0	0	0	0.0
OAKLAND MILITARY INST COL PREP	Oakland	Alameda	Public	UCSD	9	4	0	44.44	100	100	0	0	0	0.0	0	0	0	0.0	0	0	0	0.0	0	0	0	0.0	5	0	0	0.0	0	0	0	0.0	0	0	0	0.0	0	0	0	0.0
OAKLAND TECHNICAL HIGH SCHOOL	Oakland	Alameda	Public	UCSD	147	64	23	43.54	4	4	26	5	0	19.23	0	0	0	0.0	16	6	0	37.5	0	0	0	0.0	56	27	11	48.21	45	24	9	53.33	0	0	0	0.0	0	0	0	0.0
BERKELEY HIGH SCHOOL	Berkeley	Alameda	Public	UCSD	402	168	57	41.79	5	5	53	4	0	7.55	0	0	0	0.0	63	19	5	30.16	0	0	0	0.0	78	41	18	52.56	196	97	30	49.49	9	5	0	55.56	0	0	0	0.0
VALLEY CHRISTIAN HIGH SCHOOL	Dublin	Alameda	Private	UCSD	12	5	0	41.67	100	100	0	0	0	0.0	0	0	0	0.0	0	0	0	0.0	0	0	0	0.0	7	3	0	42.86	0	0	0	0.0	0	0	0	0.0	0	0	0	0.0
MCCLYMONDS HIGH SCHOOL	Oakland	Alameda	Public	UCSD	10	4	0	40.0	100	100	9	3	0	33.33	0	0	0	0.0	0	0	0	0.0	0	0	0	0.0	0	0	0	0.0	0	0	0	0.0	0	0	0	0.0	0	0	0	0.0
EAST BAY INNOVATION ACADEMY	Oakland	Alameda	Public	UCSD	8	3	0	37.5	100	100	0	0	0	0.0	0	0	0	0.0	0	0	0	0.0	0	0	0	0.0	0	0	0	0.0	0	0	0	0.0	0	0	0	0.0	0	0	0	0.0
FREMONT HIGH SCHOOL	Oakland	Alameda	Public	UCSD	16	6	0	37.5	100	100	6	0	0	0.0	0	0	0	0.0	7	3	0	42.86	0	0	0	0.0	0	0	0	0.0	0	0	0	0.0	0	0	0	0.0	0	0	0	0.0
OAKLAND CHARTER HIGH SCHOOL	Oakland	Alameda	Public	UCSD	32	12	0	37.5	6	6	0	0	0	0.0	0	0	0	0.0	10	0	0	0.0	0	0	0	0.0	17	10	0	58.82	0	0	0	0.0	0	0	0	0.0	0	0	0	0.0
KIPP KING COLLEGIATE HIGH SCH	San Lorenzo	Alameda	Public	UCSD	57	21	6	36.84	7	7	5	0	0	0.0	0	0	0	0.0	16	5	0	31.25	0	0	0	0.0	35	16	6	45.71	0	0	0	0.0	0	0	0	0.0	0	0	0	0.0
LIGHTHOUSE COMMUNITY CHAR HS	Oakland	Alameda	Public	UCSD	11	4	0	36.36	100	100	0	0	0	0.0	0	0	0	0.0	10	3	0	30.0	0	0	0	0.0	0	0	0	0.0	0	0	0	0.0	0	0	0	0.0	0	0	0	0.0
BASIS INDEPENDENT FREMONT UPPER SCH	Fremont	Alameda	Private	UCSD	37	13	5	35.14	1	8	0	0	0	0.0	0	0	0	0.0	0	0	0	0.0	0	0	0	0.0	31	11	4	35.48	0	0	0	0.0	0	0	0	0.0	0	0	0	0.0
IMPACT ACAD ARTS/TECHNOLOGY	Hayward	Alameda	Public	UCSD	20	7	0	35.0	100	100	0	0	0	0.0	0	0	0	0.0	7	3	0	42.86	0	0	0	0.0	10	3	0	30.0	0	0	0	0.0	0	0	0	0.0	0	0	0	0.0
ASPIRE GOLDEN STATE PREP ACADEMY	Oakland	Alameda	Public	UCSD	15	5	0	33.33	100	100	0	0	0	0.0	0	0	0	0.0	15	5	0	33.33	0	0	0	0.0	0	0	0	0.0	0	0	0	0.0	0	0	0	0.0	0	0	0	0.0
OAKLAND HIGH SCHOOL	Oakland	Alameda	Public	UCSD	63	21	0	33.33	8	9	17	0	0	0.0	0	0	0	0.0	12	5	0	41.67	0	0	0	0.0	33	14	0	42.42	0	0	0	0.0	0	0	0	0.0	0	0	0	0.0
ABRAHAM LINCOLN HIGH SCHOOL	San Jose	Santa Clara	Public	UCSD	55	18	6	32.73	9	10	0	0	0	0.0	0	0	0	0.0	27	4	0	14.81	0	0	0	0.0	15	10	3	66.67	11	3	0	27.27	0	0	0	0.0	0	0	0	0.0
SUMMIT PUBLIC SCHOOL-TAHOMA	San Jose	Santa Clara	Public	UCSD	38	12	0	31.58	10	11	0	0	0	0.0	0	0	0	0.0	5	0	0	0.0	0	0	0	0.0	26	11	0	42.31	0	0	0	0.0	0	0	0	0.0	0	0	0	0.0
COLISEUM COLLEGE PREP ACADEMY	Oakland	Alameda	Public	UCSD	13	4	0	30.77	100	100	5	0	0	0.0	0	0	0	0.0	8	3	0	37.5	0	0	0	0.0	0	0	0	0.0	0	0	0	0.0	0	0	0	0.0	0	0	0	0.0
W C OVERFELT HIGH SCHOOL	San Jose	Santa Clara	Public	UCSD	13	4	0	30.77	100	100	0	0	0	0.0	0	0	0	0.0	8	0	0	0.0	0	0	0	0.0	0	0	0	0.0	0	0	0	0.0	0	0	0	0.0	0	0	0	0.0
HENRY T GUNDERSON HIGH SCHOOL	San Jose	Santa Clara	Public	UCSD	33	10	0	30.3	11	12	0	0	0	0.0	0	0	0	0.0	0	0	0	0.0	0	0	0	0.0	21	10	0	47.62	5	0	0	0.0	0	0	0	0.0	0	0	0	0.0
OAKWOOD SCHOOL	Morgan Hill	Santa Clara	Private	UCSD	17	5	0	29.41	100	100	0	0	0	0.0	0	0	0	0.0	0	0	0	0.0	0	0	0	0.0	8	0	0	0.0	5	0	0	0.0	0	0	0	0.0	0	0	0	0.0
MOUNT EDEN HIGH SCHOOL	Hayward	Alameda	Public	UCSD	45	13	8	28.89	12	13	5	0	0	0.0	0	0	0	0.0	14	4	0	28.57	0	0	0	0.0	26	7	5	26.92	0	0	0	0.0	0	0	0	0.0	0	0	0	0.0
UNIVERSITY PREP ACADEMY	San Jose	Santa Clara	Public	UCSD	60	17	4	28.33	13	14	13	0	0	0.0	0	0	0	0.0	5	0	0	0.0	0	0	0	0.0	32	13	3	40.62	7	0	0	0.0	0	0	0	0.0	0	0	0	0.0
MAYBECK HIGH SCHOOL	Berkeley	Alameda	Private	UCSD	11	3	0	27.27	100	100	0	0	0	0.0	0	0	0	0.0	0	0	0	0.0	0	0	0	0.0	0	0	0	0.0	5	0	0	0.0	0	0	0	0.0	0	0	0	0.0
PRESENTATION HIGH SCHOOL	San Jose	Santa Clara	Private	UCSD	68	18	0	26.47	2	15	0	0	0	0.0	0	0	0	0.0	12	0	0	0.0	0	0	0	0.0	37	12	0	32.43	11	0	0	0.0	5	4	0	80.0	0	0	0	0.0
ENCINAL HIGH SCHOOL	Alameda	Alameda	Public	UCSD	68	18	4	26.47	14	15	6	0	0	0.0	0	0	0	0.0	11	0	0	0.0	0	0	0	0.0	38	13	3	34.21	12	0	0	0.0	0	0	0	0.0	0	0	0	0.0
OAKLAND SCHOOL FOR THE ARTS	Oakland	Alameda	Public	UCSD	19	5	0	26.32	100	100	0	0	0	0.0	0	0	0	0.0	0	0	0	0.0	0	0	0	0.0	7	3	0	42.86	0	0	0	0.0	0	0	0	0.0	0	0	0	0.0
NOTRE DAME HIGH SCHOOL	San Jose	Santa Clara	Private	UCSD	90	23	3	25.56	3	17	0	0	0	0.0	0	0	0	0.0	18	0	0	0.0	0	0	0	0.0	49	18	0	36.73	17	3	0	17.65	0	0	0	0.0	0	0	0	0.0
QUARRY LANE SCHOOL	Dublin	Alameda	Private	UCSD	71	18	3	25.35	4	18	0	0	0	0.0	0	0	0	0.0	0	0	0	0.0	0	0	0	0.0	45	13	3	28.89	0	0	0	0.0	11	3	0	27.27	9	0	0	0.0
REDWOOD CHRISTIAN JR-SR HS	San Lorenzo	Alameda	Private	UCSD	16	4	0	25.0	100	100	0	0	0	0.0	0	0	0	0.0	0	0	0	0.0	0	0	0	0.0	6	0	0	0.0	0	0	0	0.0	0	0	0	0.0	0	0	0	0.0
CALIFORNIA CROSSPOINT HIGH SCHOOL	Hayward	Alameda	Private	UCSD	42	10	5	23.81	5	19	0	0	0	0.0	0	0	0	0.0	0	0	0	0.0	0	0	0	0.0	21	6	3	28.57	0	0	0	0.0	0	0	0	0.0	16	4	0	25.0
CRISTO REY SAN JOSE JESUIT HS	San Jose	Santa Clara	Private	UCSD	13	3	0	23.08	100	100	0	0	0	0.0	0	0	0	0.0	12	3	0	25.0	0	0	0	0.0	0	0	0	0.0	0	0	0	0.0	0	0	0	0.0	0	0	0	0.0
GERMAN INTL SCH SILICON VLLY	Mountain View	Santa Clara	Private	UCSD	13	3	0	23.08	100	100	0	0	0	0.0	0	0	0	0.0	0	0	0	0.0	0	0	0	0.0	0	0	0	0.0	7	0	0	0.0	0	0	0	0.0	0	0	0	0.0
SAN LORENZO HIGH SCHOOL	San Lorenzo	Alameda	Public	UCSD	13	3	0	23.08	100	100	0	0	0	0.0	0	0	0	0.0	0	0	0	0.0	0	0	0	0.0	0	0	0	0.0	0	0	0	0.0	0	0	0	0.0	0	0	0	0.0
YERBA BUENA HIGH SCHOOL	San Jose	Santa Clara	Public	UCSD	52	12	0	23.08	15	20	0	0	0	0.0	0	0	0	0.0	0	0	0	0.0	0	0	0	0.0	47	12	0	25.53	0	0	0	0.0	0	0	0	0.0	0	0	0	0.0
WILLOW GLEN HIGH SCHOOL	San Jose	Santa Clara	Public	UCSD	71	16	0	22.54	16	21	0	0	0	0.0	0	0	0	0.0	20	3	0	15.0	0	0	0	0.0	21	4	0	19.05	26	9	0	34.62	0	0	0	0.0	0	0	0	0.0
HEAD-ROYCE SCHOOL THE	Oakland	Alameda	Private	UCSD	76	17	0	22.37	6	22	11	0	0	0.0	0	0	0	0.0	7	0	0	0.0	0	0	0	0.0	36	10	0	27.78	18	4	0	22.22	0	0	0	0.0	0	0	0	0.0
ARISE HIGH SCHOOL	Oakland	Alameda	Public	UCSD	18	4	0	22.22	100	100	0	0	0	0.0	0	0	0	0.0	18	4	0	22.22	0	0	0	0.0	0	0	0	0.0	0	0	0	0.0	0	0	0	0.0	0	0	0	0.0
JOHN F KENNEDY HIGH SCHOOL	Fremont	Alameda	Public	UCSD	73	16	3	21.92	17	23	0	0	0	0.0	0	0	0	0.0	7	0	0	0.0	0	0	0	0.0	53	12	3	22.64	6	3	0	50.0	0	0	0	0.0	0	0	0	0.0
BASIS INDEPENDENT SILICON VALL	San Jose	Santa Clara	Private	UCSD	85	18	0	21.18	7	24	0	0	0	0.0	0	0	0	0.0	0	0	0	0.0	0	0	0	0.0	70	17	0	24.29	6	0	0	0.0	9	0	0	0.0	0	0	0	0.0
MILPITAS HIGH SCHOOL	Milpitas	Santa Clara	Public	UCSD	275	57	15	20.73	18	25	0	0	0	0.0	0	0	0	0.0	11	0	0	0.0	0	0	0	0.0	230	50	12	21.74	10	3	0	30.0	8	0	0	0.0	12	0	0	0.0
SANTA CLARA HIGH SCHOOL	Santa Clara	Santa Clara	Public	UCSD	117	24	8	20.51	19	26	12	0	0	0.0	0	0	0	0.0	15	0	0	0.0	0	0	0	0.0	70	19	5	27.14	12	0	0	0.0	0	0	0	0.0	0	0	0	0.0
KEHILLAH JEWISH HIGH SCHOOL	Palo Alto	Santa Clara	Private	UCSD	30	6	0	20.0	100	100	0	0	0	0.0	0	0	0	0.0	0	0	0	0.0	0	0	0	0.0	0	0	0	0.0	24	5	0	20.83	0	0	0	0.0	0	0	0	0.0
SAINT JOSEPH-NOTRE DAME HS	Alameda	Alameda	Private	UCSD	50	10	3	20.0	8	27	9	0	0	0.0	0	0	0	0.0	11	3	0	27.27	0	0	0	0.0	18	5	0	27.78	9	0	0	0.0	0	0	0	0.0	0	0	0	0.0
MOREAU CATHOLIC HIGH SCHOOL	Hayward	Alameda	Private	UCSD	102	20	4	19.61	9	28	11	0	0	0.0	0	0	0	0.0	13	0	0	0.0	0	0	0	0.0	66	17	3	25.76	5	0	0	0.0	0	0	0	0.0	0	0	0	0.0
NEWARK MEMORIAL HIGH SCHOOL	Newark	Alameda	Public	UCSD	77	15	0	19.48	20	29	8	0	0	0.0	0	0	0	0.0	22	3	0	13.64	0	0	0	0.0	42	11	0	26.19	5	0	0	0.0	0	0	0	0.0	0	0	0	0.0
ARCHBISHOP MITTY HIGH SCHOOL	San Jose	Santa Clara	Private	UCSD	226	43	12	19.03	10	30	6	0	0	0.0	0	0	0	0.0	32	3	0	9.38	0	0	0	0.0	122	30	8	24.59	38	4	3	10.53	25	6	0	24.0	0	0	0	0.0
BISHOP ODOWD HIGH SCHOOL	Oakland	Alameda	Private	UCSD	195	37	0	18.97	11	31	45	0	0	0.0	0	0	0	0.0	36	6	0	16.67	0	0	0	0.0	45	11	0	24.44	65	17	0	26.15	0	0	0	0.0	0	0	0	0.0
ARROYO HIGH SCHOOL	San Lorenzo	Alameda	Public	UCSD	95	18	0	18.95	21	32	0	0	0	0.0	0	0	0	0.0	19	0	0	0.0	0	0	0	0.0	71	15	0	21.13	0	0	0	0.0	0	0	0	0.0	0	0	0	0.0
SAN LEANDRO HIGH SCHOOL	San Leandro	Alameda	Public	UCSD	90	17	8	18.89	22	33	15	0	0	0.0	0	0	0	0.0	25	0	0	0.0	0	0	0	0.0	47	14	6	29.79	0	0	0	0.0	0	0	0	0.0	0	0	0	0.0
SAINT MARY'S COLLEGE HIGH SCHO	Berkeley	Alameda	Private	UCSD	88	16	3	18.18	12	34	17	0	0	0.0	0	0	0	0.0	21	0	0	0.0	0	0	0	0.0	24	5	0	20.83	25	7	0	28.0	0	0	0	0.0	0	0	0	0.0
ALAMEDA HIGH SCHOOL	Alameda	Alameda	Public	UCSD	172	31	8	18.02	23	35	0	0	0	0.0	0	0	0	0.0	22	3	0	13.64	0	0	0	0.0	82	17	4	20.73	60	10	4	16.67	0	0	0	0.0	0	0	0	0.0
SILVER CREEK HIGH SCHOOL	San Jose	Santa Clara	Public	UCSD	128	23	4	17.97	24	36	5	0	0	0.0	0	0	0	0.0	0	0	0	0.0	0	0	0	0.0	113	22	4	19.47	0	0	0	0.0	0	0	0	0.0	0	0	0	0.0
WASHINGTON HIGH SCHOOL	Fremont	Alameda	Public	UCSD	153	27	10	17.65	25	37	0	0	0	0.0	0	0	0	0.0	5	0	0	0.0	0	0	0	0.0	112	22	9	19.64	14	0	0	0.0	6	0	0	0.0	11	0	0	0.0
THE KINGS ACADEMY	Sunnyvale	Santa Clara	Private	UCSD	92	16	4	17.39	13	38	0	0	0	0.0	0	0	0	0.0	0	0	0	0.0	0	0	0	0.0	66	12	3	18.18	0	0	0	0.0	15	3	0	20.0	0	0	0	0.0
ALBANY HIGH SCHOOL	Albany	Alameda	Public	UCSD	133	23	6	17.29	26	39	0	0	0	0.0	0	0	0	0.0	13	0	0	0.0	0	0	0	0.0	67	17	4	25.37	43	4	0	9.3	6	0	0	0.0	0	0	0	0.0
LEADERSHIP PUBLIC SCH HAYWARD	Hayward	Alameda	Public	UCSD	29	5	0	17.24	100	100	0	0	0	0.0	0	0	0	0.0	13	3	0	23.08	0	0	0	0.0	10	0	0	0.0	0	0	0	0.0	0	0	0	0.0	0	0	0	0.0
DR TJ OWENS GILROY EARLY COLG	Gilroy	Santa Clara	Public	UCSD	35	6	0	17.14	27	40	0	0	0	0.0	0	0	0	0.0	15	0	0	0.0	0	0	0	0.0	15	3	0	20.0	0	0	0	0.0	0	0	0	0.0	0	0	0	0.0
DEL MAR HIGH SCHOOL	San Jose	Santa Clara	Public	UCSD	41	7	0	17.07	28	41	0	0	0	0.0	0	0	0	0.0	13	0	0	0.0	0	0	0	0.0	17	5	0	29.41	0	0	0	0.0	0	0	0	0.0	0	0	0	0.0
PROSPECT HIGH SCHOOL	Saratoga	Santa Clara	Public	UCSD	82	14	5	17.07	28	41	0	0	0	0.0	0	0	0	0.0	5	0	0	0.0	0	0	0	0.0	56	11	5	19.64	16	0	0	0.0	0	0	0	0.0	0	0	0	0.0
AMERICAN HIGH SCHOOL	Fremont	Alameda	Public	UCSD	317	54	12	17.03	30	43	0	0	0	0.0	0	0	0	0.0	7	0	0	0.0	0	0	0	0.0	252	42	10	16.67	7	0	0	0.0	23	8	0	34.78	23	3	0	13.04
AMADOR VALLEY HIGH SCHOOL	Pleasanton	Alameda	Public	UCSD	332	56	18	16.87	31	44	0	0	0	0.0	0	0	0	0.0	5	0	0	0.0	0	0	0	0.0	227	32	11	14.1	42	0	0	0.0	43	18	5	41.86	12	0	0	0.0
HARKER SCHOOL	San Jose	Santa Clara	Private	UCSD	174	29	0	16.67	14	45	0	0	0	0.0	0	0	0	0.0	5	0	0	0.0	0	0	0	0.0	115	19	0	16.52	19	0	0	0.0	31	7	0	22.58	0	0	0	0.0
OAK GROVE HIGH SCHOOL	San Jose	Santa Clara	Public	UCSD	42	7	0	16.67	32	45	0	0	0	0.0	0	0	0	0.0	9	0	0	0.0	0	0	0	0.0	29	7	0	24.14	0	0	0	0.0	0	0	0	0.0	0	0	0	0.0
MONTA VISTA HIGH SCHOOL	Cupertino	Santa Clara	Public	UCSD	321	53	12	16.51	33	47	0	0	0	0.0	0	0	0	0.0	0	0	0	0.0	0	0	0	0.0	233	40	8	17.17	22	3	0	13.64	41	9	4	21.95	20	0	0	0.0
JAMES LOGAN HIGH SCHOOL	Union City	Alameda	Public	UCSD	171	28	6	16.37	34	48	9	3	0	33.33	0	0	0	0.0	16	0	0	0.0	0	0	0	0.0	125	22	4	17.6	10	0	0	0.0	8	3	0	37.5	0	0	0	0.0
MISSION SAN JOSE HIGH SCHOOL	Fremont	Alameda	Public	UCSD	383	62	16	16.19	35	49	0	0	0	0.0	0	0	0	0.0	0	0	0	0.0	0	0	0	0.0	305	46	10	15.08	0	0	0	0.0	53	11	0	20.75	13	3	0	23.08
CUPERTINO HIGH SCHOOL	Cupertino	Santa Clara	Public	UCSD	316	51	8	16.14	36	50	0	0	0	0.0	0	0	0	0.0	8	0	0	0.0	0	0	0	0.0	236	35	5	14.83	19	0	0	0.0	29	8	0	27.59	22	5	0	22.73
CHRISTOPHER HIGH SCHOOL	Gilroy	Santa Clara	Public	UCSD	62	10	3	16.13	37	51	9	0	0	0.0	0	0	0	0.0	24	3	0	12.5	0	0	0	0.0	14	3	0	21.43	12	0	0	0.0	0	0	0	0.0	0	0	0	0.0
SARATOGA HIGH SCHOOL	Saratoga	Santa Clara	Public	UCSD	211	34	6	16.11	38	52	0	0	0	0.0	0	0	0	0.0	7	0	0	0.0	0	0	0	0.0	157	27	4	17.2	19	0	0	0.0	22	5	0	22.73	0	0	0	0.0
ANDREW P HILL HIGH SCHOOL	San Jose	Santa Clara	Public	UCSD	25	4	0	16.0	100	100	0	0	0	0.0	0	0	0	0.0	0	0	0	0.0	0	0	0	0.0	22	4	0	18.18	0	0	0	0.0	0	0	0	0.0	0	0	0	0.0
IRVINGTON HIGH SCHOOL	Fremont	Alameda	Public	UCSD	349	55	18	15.76	39	53	0	0	0	0.0	0	0	0	0.0	7	0	0	0.0	0	0	0	0.0	285	41	11	14.39	6	0	0	0.0	30	6	0	20.0	20	8	7	40.0
LIVE OAK HIGH SCHOOL	Morgan Hill	Santa Clara	Public	UCSD	33	5	0	15.15	40	54	0	0	0	0.0	0	0	0	0.0	8	0	0	0.0	0	0	0	0.0	7	0	0	0.0	13	3	0	23.08	0	0	0	0.0	0	0	0	0.0
PIEDMONT HIGH SCHOOL	Piedmont	Alameda	Public	UCSD	99	15	5	15.15	40	54	0	0	0	0.0	0	0	0	0.0	10	0	0	0.0	0	0	0	0.0	27	4	0	14.81	52	9	3	17.31	7	0	0	0.0	0	0	0	0.0
MOUNTAIN VIEW HIGH SCHOOL	Mountain View	Santa Clara	Public	UCSD	271	41	7	15.13	42	56	0	0	0	0.0	0	0	0	0.0	26	0	0	0.0	0	0	0	0.0	136	24	0	17.65	85	8	3	9.41	15	5	0	33.33	0	0	0	0.0
EVERGREEN VALLEY HIGH SCHOOL	San Jose	Santa Clara	Public	UCSD	371	56	14	15.09	43	57	0	0	0	0.0	0	0	0	0.0	10	0	0	0.0	0	0	0	0.0	324	48	11	14.81	5	0	0	0.0	20	6	0	30.0	9	0	0	0.0
GRANADA HIGH SCHOOL	Livermore	Alameda	Public	UCSD	126	19	4	15.08	44	58	0	0	0	0.0	0	0	0	0.0	16	4	0	25.0	0	0	0	0.0	43	8	0	18.6	55	4	0	7.27	0	0	0	0.0	5	0	0	0.0
COLLEGE PREPARATORY SCHOOL	Oakland	Alameda	Private	UCSD	68	10	0	14.71	15	59	6	0	0	0.0	0	0	0	0.0	0	0	0	0.0	0	0	0	0.0	35	5	0	14.29	19	3	0	15.79	5	0	0	0.0	0	0	0	0.0
FOOTHILL HIGH SCHOOL	Pleasanton	Alameda	Public	UCSD	279	41	12	14.7	45	60	5	0	0	0.0	0	0	0	0.0	13	0	0	0.0	0	0	0	0.0	188	26	10	13.83	36	8	0	22.22	22	6	0	27.27	15	0	0	0.0
PALO ALTO SENIOR HIGH SCHOOL	Palo Alto	Santa Clara	Public	UCSD	290	42	3	14.48	46	61	0	0	0	0.0	0	0	0	0.0	22	0	0	0.0	0	0	0	0.0	151	23	0	15.23	80	7	0	8.75	29	10	0	34.48	6	0	0	0.0
PIEDMONT HILLS HIGH SCHOOL	San Jose	Santa Clara	Public	UCSD	134	19	3	14.18	47	62	0	0	0	0.0	0	0	0	0.0	7	0	0	0.0	0	0	0	0.0	114	19	3	16.67	0	0	0	0.0	7	0	0	0.0	0	0	0	0.0
SAINT FRANCIS HIGH SCHOOL	Mountain View	Santa Clara	Private	UCSD	221	31	6	14.03	16	63	0	0	0	0.0	0	0	0	0.0	23	0	0	0.0	0	0	0	0.0	141	23	5	16.31	28	0	0	0.0	22	7	0	31.82	0	0	0	0.0
LEIGH HIGH SCHOOL	San Jose	Santa Clara	Public	UCSD	168	23	6	13.69	48	64	6	0	0	0.0	0	0	0	0.0	9	0	0	0.0	0	0	0	0.0	95	19	4	20.0	52	0	0	0.0	0	0	0	0.0	0	0	0	0.0
LELAND HIGH SCHOOL	San Jose	Santa Clara	Public	UCSD	211	28	7	13.27	49	65	0	0	0	0.0	0	0	0	0.0	11	0	0	0.0	0	0	0	0.0	135	20	5	14.81	41	4	0	9.76	19	3	0	15.79	0	0	0	0.0
LIVERMORE HIGH SCHOOL	Livermore	Alameda	Public	UCSD	68	9	0	13.24	50	66	6	0	0	0.0	0	0	0	0.0	7	0	0	0.0	0	0	0	0.0	31	6	0	19.35	18	0	0	0.0	0	0	0	0.0	0	0	0	0.0
HENRY M GUNN SENIOR HIGH SCHL	Palo Alto	Santa Clara	Public	UCSD	320	40	7	12.5	51	67	7	0	0	0.0	0	0	0	0.0	20	0	0	0.0	0	0	0	0.0	185	28	7	15.14	62	0	0	0.0	36	6	0	16.67	7	0	0	0.0
LOS ALTOS HIGH SCHOOL	Los Altos	Santa Clara	Public	UCSD	264	33	3	12.5	51	67	5	0	0	0.0	0	0	0	0.0	27	0	0	0.0	0	0	0	0.0	138	20	0	14.49	69	5	0	7.25	16	0	0	0.0	7	3	0	42.86
HOMESTEAD HIGH SCHOOL	Cupertino	Santa Clara	Public	UCSD	310	38	7	12.26	53	69	0	0	0	0.0	0	0	0	0.0	25	0	0	0.0	0	0	0	0.0	197	26	5	13.2	47	0	0	0.0	32	9	0	28.12	8	0	0	0.0
BRANHAM HIGH SCHOOL	San Jose	Santa Clara	Public	UCSD	166	20	5	12.05	54	70	0	0	0	0.0	0	0	0	0.0	18	0	0	0.0	0	0	0	0.0	82	12	0	14.63	51	3	0	5.88	9	3	0	33.33	0	0	0	0.0
LOS GATOS HIGH SCHOOL	Los Gatos	Santa Clara	Public	UCSD	218	26	4	11.93	55	71	0	0	0	0.0	0	0	0	0.0	15	0	0	0.0	0	0	0	0.0	81	12	0	14.81	97	10	0	10.31	20	3	0	15.0	0	0	0	0.0
WESTMONT HIGH SCHOOL	Campbell	Santa Clara	Public	UCSD	109	13	0	11.93	55	71	0	0	0	0.0	0	0	0	0.0	7	0	0	0.0	0	0	0	0.0	65	9	0	13.85	27	0	0	0.0	5	0	0	0.0	0	0	0	0.0
BELLARMINE COLLEGE PREPARATORY	San Jose	Santa Clara	Private	UCSD	166	19	0	11.45	17	73	0	0	0	0.0	0	0	0	0.0	27	0	0	0.0	0	0	0	0.0	86	13	0	15.12	33	5	0	15.15	15	0	0	0.0	0	0	0	0.0
PIONEER HIGH SCHOOL	San Jose	Santa Clara	Public	UCSD	88	10	0	11.36	57	74	0	0	0	0.0	0	0	0	0.0	14	0	0	0.0	0	0	0	0.0	30	4	0	13.33	40	3	0	7.5	0	0	0	0.0	0	0	0	0.0
DUBLIN HIGH SCHOOL	Dublin	Alameda	Public	UCSD	511	58	9	11.35	58	75	8	0	0	0.0	0	0	0	0.0	10	0	0	0.0	0	0	0	0.0	410	47	6	11.46	34	0	0	0.0	30	6	0	20.0	17	4	3	23.53
INDEPENDENCE HIGH SCHOOL	San Jose	Santa Clara	Public	UCSD	90	10	5	11.11	59	76	0	0	0	0.0	0	0	0	0.0	8	0	0	0.0	0	0	0	0.0	74	10	5	13.51	0	0	0	0.0	0	0	0	0.0	0	0	0	0.0
CASTILLEJA SCHOOL	Palo Alto	Santa Clara	Private	UCSD	37	4	0	10.81	18	77	0	0	0	0.0	0	0	0	0.0	5	0	0	0.0	0	0	0	0.0	19	3	0	15.79	8	0	0	0.0	0	0	0	0.0	0	0	0	0.0
LYNBROOK HIGH SCHOOL	San Jose	Santa Clara	Public	UCSD	346	37	8	10.69	60	78	0	0	0	0.0	0	0	0	0.0	0	0	0	0.0	0	0	0	0.0	263	30	6	11.41	12	0	0	0.0	56	6	0	10.71	10	0	0	0.0
SANTA TERESA HIGH SCHOOL	San Jose	Santa Clara	Public	UCSD	119	12	0	10.08	61	79	5	0	0	0.0	0	0	0	0.0	17	0	0	0.0	0	0	0	0.0	77	7	0	9.09	15	0	0	0.0	0	0	0	0.0	0	0	0	0.0
ANN SOBRATO HIGH SCHOOL	Morgan Hill	Santa Clara	Public	UCSD	82	8	0	9.76	62	80	0	0	0	0.0	0	0	0	0.0	19	0	0	0.0	0	0	0	0.0	37	6	0	16.22	18	0	0	0.0	5	0	0	0.0	0	0	0	0.0
CASTRO VALLEY HIGH SCHOOL	Castro Valley	Alameda	Public	UCSD	235	19	0	8.09	63	81	12	0	0	0.0	0	0	0	0.0	33	0	0	0.0	0	0	0	0.0	126	12	0	9.52	50	4	0	8.0	12	0	0	0.0	0	0	0	0.0
ADRIAN C WILCOX HIGH SCHOOL	Santa Clara	Santa Clara	Public	UCSD	148	11	0	7.43	64	82	0	0	0	0.0	0	0	0	0.0	20	0	0	0.0	0	0	0	0.0	105	11	0	10.48	10	0	0	0.0	8	0	0	0.0	0	0	0	0.0
AIMS COLLEGE PREP HIGH SCHOOL	Oakland	Alameda	Public	UCSD	47	3	0	6.38	100	100	14	0	0	0.0	0	0	0	0.0	0	0	0	0.0	0	0	0	0.0	29	3	0	10.34	0	0	0	0.0	0	0	0	0.0	0	0	0	0.0
ALSION MONTESSORI MIDDLE/HIGH	Fremont	Alameda	Private	UCSD	8	0	0	0.0	100	100	0	0	0	0.0	0	0	0	0.0	0	0	0	0.0	0	0	0	0.0	6	0	0	0.0	0	0	0	0.0	0	0	0	0.0	0	0	0	0.0
APOSTLES LUTHERAN SCHOOL	San Jose	Santa Clara	Private	UCSD	5	0	0	0.0	100	100	0	0	0	0.0	0	0	0	0.0	0	0	0	0.0	0	0	0	0.0	0	0	0	0.0	0	0	0	0.0	0	0	0	0.0	0	0	0	0.0
AVERROES HIGH SCHOOL	Fremont	Alameda	Private	UCSD	7	0	0	0.0	100	100	0	0	0	0.0	0	0	0	0.0	0	0	0	0.0	0	0	0	0.0	0	0	0	0.0	0	0	0	0.0	0	0	0	0.0	0	0	0	0.0
CAMBRIAN ACADEMY	San Jose	Santa Clara	Private	UCSD	6	0	0	0.0	100	100	0	0	0	0.0	0	0	0	0.0	0	0	0	0.0	0	0	0	0.0	0	0	0	0.0	0	0	0	0.0	0	0	0	0.0	0	0	0	0.0
FREMONT CHRISTIAN HIGH SCHOOL	Fremont	Alameda	Private	UCSD	24	0	0	0.0	100	100	0	0	0	0.0	0	0	0	0.0	0	0	0	0.0	0	0	0	0.0	14	0	0	0.0	0	0	0	0.0	0	0	0	0.0	0	0	0	0.0
FUSION ACADEMY PLEASANTON	Pleasanton	Alameda	Private	UCSD	5	0	0	0.0	100	100	0	0	0	0.0	0	0	0	0.0	0	0	0	0.0	0	0	0	0.0	0	0	0	0.0	0	0	0	0.0	0	0	0	0.0	0	0	0	0.0
FUSION ACADEMY-LOS GATOS	Los Gatos	Santa Clara	Private	UCSD	7	0	0	0.0	100	100	0	0	0	0.0	0	0	0	0.0	0	0	0	0.0	0	0	0	0.0	0	0	0	0.0	0	0	0	0.0	0	0	0	0.0	0	0	0	0.0
HOLY NAMES HIGH SCHOOL	Oakland	Alameda	Private	UCSD	14	0	0	0.0	100	100	0	0	0	0.0	0	0	0	0.0	8	0	0	0.0	0	0	0	0.0	0	0	0	0.0	0	0	0	0.0	0	0	0	0.0	0	0	0	0.0
KHAN LAB SCHOOL	Mountain View	Santa Clara	Private	UCSD	14	0	0	0.0	100	100	0	0	0	0.0	0	0	0	0.0	0	0	0	0.0	0	0	0	0.0	8	0	0	0.0	0	0	0	0.0	0	0	0	0.0	0	0	0	0.0
MOUNTAIN VIEW ACADEMY	Mountain View	Santa Clara	Private	UCSD	5	0	0	0.0	100	100	0	0	0	0.0	0	0	0	0.0	0	0	0	0.0	0	0	0	0.0	0	0	0	0.0	0	0	0	0.0	0	0	0	0.0	0	0	0	0.0
PINEWOOD SCHOOL	Los Altos Hills	Santa Clara	Private	UCSD	26	0	0	0.0	100	100	0	0	0	0.0	0	0	0	0.0	0	0	0	0.0	0	0	0	0.0	18	0	0	0.0	0	0	0	0.0	0	0	0	0.0	0	0	0	0.0
WALDORF SCHOOL OF THE PENINSUL	Mountain View	Santa Clara	Private	UCSD	5	0	0	0.0	100	100	0	0	0	0.0	0	0	0	0.0	0	0	0	0.0	0	0	0	0.0	0	0	0	0.0	0	0	0	0.0	0	0	0	0.0	0	0	0	0.0
ACE CHARTER HIGH SCHOOL	San Jose	Santa Clara	Public	UCSD	8	0	0	0.0	100	100	0	0	0	0.0	0	0	0	0.0	8	0	0	0.0	0	0	0	0.0	0	0	0	0.0	0	0	0	0.0	0	0	0	0.0	0	0	0	0.0
ALAMEDA COMMUNITY LEARNING CTR	Alameda	Alameda	Public	UCSD	11	0	0	0.0	100	100	0	0	0	0.0	0	0	0	0.0	0	0	0	0.0	0	0	0	0.0	6	0	0	0.0	0	0	0	0.0	0	0	0	0.0	0	0	0	0.0
ALPHA CINDY AVITIA HIGH SCHOOL	San Jose	Santa Clara	Public	UCSD	8	0	0	0.0	100	100	0	0	0	0.0	0	0	0	0.0	7	0	0	0.0	0	0	0	0.0	0	0	0	0.0	0	0	0	0.0	0	0	0	0.0	0	0	0	0.0
ASPIRE LIONEL WILSON COLG PREP	Oakland	Alameda	Public	UCSD	5	0	0	0.0	100	100	0	0	0	0.0	0	0	0	0.0	5	0	0	0.0	0	0	0	0.0	0	0	0	0.0	0	0	0	0.0	0	0	0	0.0	0	0	0	0.0
CASTLEMONT HIGH SCHOOL	Oakland	Alameda	Public	UCSD	6	0	0	0.0	100	100	0	0	0	0.0	0	0	0	0.0	0	0	0	0.0	0	0	0	0.0	0	0	0	0.0	0	0	0	0.0	0	0	0	0.0	0	0	0	0.0
DOWNTOWN COLG PREP EL PRIMERO	San Jose	Santa Clara	Public	UCSD	9	0	0	0.0	100	100	0	0	0	0.0	0	0	0	0.0	9	0	0	0.0	0	0	0	0.0	0	0	0	0.0	0	0	0	0.0	0	0	0	0.0	0	0	0	0.0
DOWNTOWN COLLEGE PREP ALUM ROC	San Jose	Santa Clara	Public	UCSD	6	0	0	0.0	100	100	0	0	0	0.0	0	0	0	0.0	0	0	0	0.0	0	0	0	0.0	0	0	0	0.0	0	0	0	0.0	0	0	0	0.0	0	0	0	0.0
GILROY HIGH SCHOOL	Gilroy	Santa Clara	Public	UCSD	29	0	0	0.0	100	100	0	0	0	0.0	0	0	0	0.0	18	0	0	0.0	0	0	0	0.0	0	0	0	0.0	8	0	0	0.0	0	0	0	0.0	0	0	0	0.0
HAYWARD TWIN OAKS MONTESSORI	Hayward	Alameda	Public	UCSD	10	0	0	0.0	100	100	0	0	0	0.0	0	0	0	0.0	5	0	0	0.0	0	0	0	0.0	0	0	0	0.0	0	0	0	0.0	0	0	0	0.0	0	0	0	0.0
JAMES LICK HIGH SCHOOL	San Jose	Santa Clara	Public	UCSD	5	0	0	0.0	100	100	0	0	0	0.0	0	0	0	0.0	0	0	0	0.0	0	0	0	0.0	0	0	0	0.0	0	0	0	0.0	0	0	0	0.0	0	0	0	0.0
KIPP NAVIGATE COLLEGE PREP	San Jose	Santa Clara	Public	UCSD	7	0	0	0.0	100	100	0	0	0	0.0	0	0	0	0.0	0	0	0	0.0	0	0	0	0.0	0	0	0	0.0	0	0	0	0.0	0	0	0	0.0	0	0	0	0.0
LATINO COLLEGE PREP ACADEMY	San Jose	Santa Clara	Public	UCSD	8	0	0	0.0	100	100	0	0	0	0.0	0	0	0	0.0	8	0	0	0.0	0	0	0	0.0	0	0	0	0.0	0	0	0	0.0	0	0	0	0.0	0	0	0	0.0
LATITUDE 37.8 HS MERRITT COLLEGE	Oakland	Alameda	Public	UCSD	6	0	0	0.0	100	100	0	0	0	0.0	0	0	0	0.0	0	0	0	0.0	0	0	0	0.0	0	0	0	0.0	0	0	0	0.0	0	0	0	0.0	0	0	0	0.0
MILPITAS MIDDLE COLLEGE HS	Milpitas	Santa Clara	Public	UCSD	9	0	0	0.0	100	100	0	0	0	0.0	0	0	0	0.0	0	0	0	0.0	0	0	0	0.0	8	0	0	0.0	0	0	0	0.0	0	0	0	0.0	0	0	0	0.0
MISSION EARLY COLLEGE HIGH SCH	Santa Clara	Santa Clara	Public	UCSD	20	0	0	0.0	100	100	5	0	0	0.0	0	0	0	0.0	0	0	0	0.0	0	0	0	0.0	9	0	0	0.0	0	0	0	0.0	0	0	0	0.0	0	0	0	0.0
MOUNT PLEASANT HIGH SCHOOL	San Jose	Santa Clara	Public	UCSD	13	0	0	0.0	100	100	0	0	0	0.0	0	0	0	0.0	8	0	0	0.0	0	0	0	0.0	5	0	0	0.0	0	0	0	0.0	0	0	0	0.0	0	0	0	0.0
OAKLAND INTERNATIONAL HIGH SCH	Oakland	Alameda	Public	UCSD	9	0	0	0.0	100	100	0	0	0	0.0	0	0	0	0.0	0	0	0	0.0	0	0	0	0.0	0	0	0	0.0	0	0	0	0.0	0	0	0	0.0	0	0	0	0.0
OAKLAND UNITY HIGH SCHOOL	Oakland	Alameda	Public	UCSD	5	0	0	0.0	100	100	0	0	0	0.0	0	0	0	0.0	5	0	0	0.0	0	0	0	0.0	0	0	0	0.0	0	0	0	0.0	0	0	0	0.0	0	0	0	0.0
ROBERTO CRUZ LEADERSHIP ACDMY	San Jose	Santa Clara	Public	UCSD	5	0	0	0.0	100	100	0	0	0	0.0	0	0	0	0.0	5	0	0	0.0	0	0	0	0.0	0	0	0	0.0	0	0	0	0.0	0	0	0	0.0	0	0	0	0.0
